rank,name,ticker,cik,country,exchange,marketcap,quarter,end_date,concept,value,form_type,unit
1,JPMorgan Chase,JPMorgan,19617,United States,NYSE,821106376704,2022-Q1,2022-03-31,NetIncome,8282000000,10-Q,USD
1,JPMorgan Chase,JPMorgan,19617,United States,NYSE,821106376704,2022-Q1,2022-03-31,NetIncome,8282000000,10-Q,USD
1,JPMorgan Chase,JPMorgan,19617,United States,NYSE,821106376704,2022-Q2,2022-06-30,NetIncome,16931000000,10-Q,USD
1,JPMorgan Chase,JPMorgan,19617,United States,NYSE,821106376704,2022-Q2,2022-06-30,NetIncome,16931000000,10-Q,USD
1,JPMorgan Chase,JPMorgan,19617,United States,NYSE,821106376704,2022-Q2,2022-06-30,NetIncome,8649000000,10-Q,USD
1,JPMorgan Chase,JPMorgan,19617,United States,NYSE,821106376704,2022-Q2,2022-06-30,NetIncome,8649000000,10-Q,USD
1,JPMorgan Chase,JPMorgan,19617,United States,NYSE,821106376704,2022-Q3,2022-09-30,NetIncome,26668000000,10-Q,USD
1,JPMorgan Chase,JPMorgan,19617,United States,NYSE,821106376704,2022-Q3,2022-09-30,NetIncome,26668000000,10-Q,USD
1,JPMorgan Chase,JPMorgan,19617,United States,NYSE,821106376704,2022-Q3,2022-09-30,NetIncome,9737000000,10-Q,USD
1,JPMorgan Chase,JPMorgan,19617,United States,NYSE,821106376704,2022-Q3,2022-09-30,NetIncome,9737000000,10-Q,USD
1,JPMorgan Chase,JPMorgan,19617,United States,NYSE,821106376704,2022-Q4,2022-12-31,NetIncome,37676000000,10-K,USD
1,JPMorgan Chase,JPMorgan,19617,United States,NYSE,821106376704,2022-Q4,2022-12-31,NetIncome,37676000000,10-K,USD
1,JPMorgan Chase,JPMorgan,19617,United States,NYSE,821106376704,2022-Q4,2022-12-31,NetIncome,37676000000,10-K,USD
1,JPMorgan Chase,JPMorgan,19617,United States,NYSE,821106376704,2023-Q1,2023-03-31,NetIncome,12622000000,10-Q,USD
1,JPMorgan Chase,JPMorgan,19617,United States,NYSE,821106376704,2023-Q1,2023-03-31,NetIncome,12622000000,10-Q,USD
1,JPMorgan Chase,JPMorgan,19617,United States,NYSE,821106376704,2023-Q2,2023-06-30,NetIncome,27094000000,10-Q,USD
1,JPMorgan Chase,JPMorgan,19617,United States,NYSE,821106376704,2023-Q2,2023-06-30,NetIncome,27094000000,10-Q,USD
1,JPMorgan Chase,JPMorgan,19617,United States,NYSE,821106376704,2023-Q2,2023-06-30,NetIncome,14472000000,10-Q,USD
1,JPMorgan Chase,JPMorgan,19617,United States,NYSE,821106376704,2023-Q2,2023-06-30,NetIncome,14472000000,10-Q,USD
1,JPMorgan Chase,JPMorgan,19617,United States,NYSE,821106376704,2023-Q3,2023-09-30,NetIncome,40245000000,10-Q,USD
1,JPMorgan Chase,JPMorgan,19617,United States,NYSE,821106376704,2023-Q3,2023-09-30,NetIncome,40245000000,10-Q,USD
1,JPMorgan Chase,JPMorgan,19617,United States,NYSE,821106376704,2023-Q3,2023-09-30,NetIncome,13151000000,10-Q,USD
1,JPMorgan Chase,JPMorgan,19617,United States,NYSE,821106376704,2023-Q3,2023-09-30,NetIncome,13151000000,10-Q,USD
1,JPMorgan Chase,JPMorgan,19617,United States,NYSE,821106376704,2023-Q4,2023-12-31,NetIncome,49552000000,10-K,USD
1,JPMorgan Chase,JPMorgan,19617,United States,NYSE,821106376704,2023-Q4,2023-12-31,NetIncome,49552000000,10-K,USD
1,JPMorgan Chase,JPMorgan,19617,United States,NYSE,821106376704,2024-Q1,2024-03-31,NetIncome,13419000000,10-Q,USD
1,JPMorgan Chase,JPMorgan,19617,United States,NYSE,821106376704,2024-Q1,2024-03-31,NetIncome,13419000000,10-Q,USD
1,JPMorgan Chase,JPMorgan,19617,United States,NYSE,821106376704,2024-Q2,2024-06-30,NetIncome,31568000000,10-Q,USD
1,JPMorgan Chase,JPMorgan,19617,United States,NYSE,821106376704,2024-Q2,2024-06-30,NetIncome,18149000000,10-Q,USD
1,JPMorgan Chase,JPMorgan,19617,United States,NYSE,821106376704,2024-Q3,2024-09-30,NetIncome,44466000000,10-Q,USD
1,JPMorgan Chase,JPMorgan,19617,United States,NYSE,821106376704,2024-Q3,2024-09-30,NetIncome,12898000000,10-Q,USD
1,JPMorgan Chase,JPMorgan,19617,United States,NYSE,821106376704,2024-Q4,2024-12-31,NetIncome,58471000000,10-K,USD
1,JPMorgan Chase,JPMorgan,19617,United States,NYSE,821106376704,2025-Q1,2025-03-31,NetIncome,14643000000,10-Q,USD
1,JPMorgan Chase,JPMorgan,19617,United States,NYSE,821106376704,2022-Q1,2022-03-31,TotalAssets,3954687000000,10-Q,USD
1,JPMorgan Chase,JPMorgan,19617,United States,NYSE,821106376704,2022-Q1,2022-03-31,TotalAssets,3954687000000,10-Q,USD
1,JPMorgan Chase,JPMorgan,19617,United States,NYSE,821106376704,2022-Q2,2022-06-30,TotalAssets,3841314000000,10-Q,USD
1,JPMorgan Chase,JPMorgan,19617,United States,NYSE,821106376704,2022-Q2,2022-06-30,TotalAssets,3841314000000,10-Q,USD
1,JPMorgan Chase,JPMorgan,19617,United States,NYSE,821106376704,2022-Q3,2022-09-30,TotalAssets,3773884000000,10-Q,USD
1,JPMorgan Chase,JPMorgan,19617,United States,NYSE,821106376704,2022-Q3,2022-09-30,TotalAssets,3773884000000,10-Q,USD
1,JPMorgan Chase,JPMorgan,19617,United States,NYSE,821106376704,2022-Q4,2022-12-31,TotalAssets,3665743000000,10-K,USD
1,JPMorgan Chase,JPMorgan,19617,United States,NYSE,821106376704,2022-Q4,2022-12-31,TotalAssets,3665743000000,10-Q,USD
1,JPMorgan Chase,JPMorgan,19617,United States,NYSE,821106376704,2022-Q4,2022-12-31,TotalAssets,3665743000000,10-Q,USD
1,JPMorgan Chase,JPMorgan,19617,United States,NYSE,821106376704,2022-Q4,2022-12-31,TotalAssets,3665743000000,10-Q,USD
1,JPMorgan Chase,JPMorgan,19617,United States,NYSE,821106376704,2022-Q4,2022-12-31,TotalAssets,3665743000000,10-K,USD
1,JPMorgan Chase,JPMorgan,19617,United States,NYSE,821106376704,2022-Q4,2022-12-31,TotalAssets,3665743000000,10-K,USD
1,JPMorgan Chase,JPMorgan,19617,United States,NYSE,821106376704,2023-Q1,2023-03-31,TotalAssets,3744305000000,10-Q,USD
1,JPMorgan Chase,JPMorgan,19617,United States,NYSE,821106376704,2023-Q1,2023-03-31,TotalAssets,3744305000000,10-Q,USD
1,JPMorgan Chase,JPMorgan,19617,United States,NYSE,821106376704,2023-Q2,2023-06-30,TotalAssets,3868240000000,10-Q,USD
1,JPMorgan Chase,JPMorgan,19617,United States,NYSE,821106376704,2023-Q2,2023-06-30,TotalAssets,3868240000000,10-Q,USD
1,JPMorgan Chase,JPMorgan,19617,United States,NYSE,821106376704,2023-Q3,2023-09-30,TotalAssets,3898333000000,10-Q,USD
1,JPMorgan Chase,JPMorgan,19617,United States,NYSE,821106376704,2023-Q3,2023-09-30,TotalAssets,3898333000000,10-Q,USD
1,JPMorgan Chase,JPMorgan,19617,United States,NYSE,821106376704,2023-Q4,2023-12-31,TotalAssets,3875393000000,10-K,USD
1,JPMorgan Chase,JPMorgan,19617,United States,NYSE,821106376704,2023-Q4,2023-12-31,TotalAssets,3875393000000,10-Q,USD
1,JPMorgan Chase,JPMorgan,19617,United States,NYSE,821106376704,2023-Q4,2023-12-31,TotalAssets,3875393000000,10-Q,USD
1,JPMorgan Chase,JPMorgan,19617,United States,NYSE,821106376704,2023-Q4,2023-12-31,TotalAssets,3875393000000,10-Q,USD
1,JPMorgan Chase,JPMorgan,19617,United States,NYSE,821106376704,2023-Q4,2023-12-31,TotalAssets,3875393000000,10-K,USD
1,JPMorgan Chase,JPMorgan,19617,United States,NYSE,821106376704,2024-Q1,2024-03-31,TotalAssets,4090727000000,10-Q,USD
1,JPMorgan Chase,JPMorgan,19617,United States,NYSE,821106376704,2024-Q1,2024-03-31,TotalAssets,4090727000000,10-Q,USD
1,JPMorgan Chase,JPMorgan,19617,United States,NYSE,821106376704,2024-Q2,2024-06-30,TotalAssets,4143003000000,10-Q,USD
1,JPMorgan Chase,JPMorgan,19617,United States,NYSE,821106376704,2024-Q3,2024-09-30,TotalAssets,4210048000000,10-Q,USD
1,JPMorgan Chase,JPMorgan,19617,United States,NYSE,821106376704,2024-Q4,2024-12-31,TotalAssets,4002814000000,10-K,USD
1,JPMorgan Chase,JPMorgan,19617,United States,NYSE,821106376704,2024-Q4,2024-12-31,TotalAssets,4002814000000,10-Q,USD
1,JPMorgan Chase,JPMorgan,19617,United States,NYSE,821106376704,2025-Q1,2025-03-31,TotalAssets,4357856000000,10-Q,USD
1,JPMorgan Chase,JPMorgan,19617,United States,NYSE,821106376704,2022-Q1,2022-03-31,Deposits,2561207000000,10-Q,USD
1,JPMorgan Chase,JPMorgan,19617,United States,NYSE,821106376704,2022-Q2,2022-06-30,Deposits,2471544000000,10-Q,USD
1,JPMorgan Chase,JPMorgan,19617,United States,NYSE,821106376704,2022-Q3,2022-09-30,Deposits,2408615000000,10-Q,USD
1,JPMorgan Chase,JPMorgan,19617,United States,NYSE,821106376704,2022-Q4,2022-12-31,Deposits,2340179000000,10-K,USD
1,JPMorgan Chase,JPMorgan,19617,United States,NYSE,821106376704,2022-Q4,2022-12-31,Deposits,2340179000000,10-Q,USD
1,JPMorgan Chase,JPMorgan,19617,United States,NYSE,821106376704,2022-Q4,2022-12-31,Deposits,2340179000000,10-Q,USD
1,JPMorgan Chase,JPMorgan,19617,United States,NYSE,821106376704,2022-Q4,2022-12-31,Deposits,2340179000000,10-Q,USD
1,JPMorgan Chase,JPMorgan,19617,United States,NYSE,821106376704,2022-Q4,2022-12-31,Deposits,2340179000000,10-K,USD
1,JPMorgan Chase,JPMorgan,19617,United States,NYSE,821106376704,2023-Q1,2023-03-31,Deposits,2377253000000,10-Q,USD
1,JPMorgan Chase,JPMorgan,19617,United States,NYSE,821106376704,2023-Q2,2023-06-30,Deposits,2398962000000,10-Q,USD
1,JPMorgan Chase,JPMorgan,19617,United States,NYSE,821106376704,2023-Q3,2023-09-30,Deposits,2379526000000,10-Q,USD
1,JPMorgan Chase,JPMorgan,19617,United States,NYSE,821106376704,2023-Q4,2023-12-31,Deposits,2400688000000,10-K,USD
1,JPMorgan Chase,JPMorgan,19617,United States,NYSE,821106376704,2023-Q4,2023-12-31,Deposits,2400688000000,10-Q,USD
1,JPMorgan Chase,JPMorgan,19617,United States,NYSE,821106376704,2023-Q4,2023-12-31,Deposits,2400688000000,10-Q,USD
1,JPMorgan Chase,JPMorgan,19617,United States,NYSE,821106376704,2023-Q4,2023-12-31,Deposits,2400688000000,10-Q,USD
1,JPMorgan Chase,JPMorgan,19617,United States,NYSE,821106376704,2023-Q4,2023-12-31,Deposits,2400688000000,10-K,USD
1,JPMorgan Chase,JPMorgan,19617,United States,NYSE,821106376704,2024-Q1,2024-03-31,Deposits,2428409000000,10-Q,USD
1,JPMorgan Chase,JPMorgan,19617,United States,NYSE,821106376704,2024-Q2,2024-06-30,Deposits,2396530000000,10-Q,USD
1,JPMorgan Chase,JPMorgan,19617,United States,NYSE,821106376704,2024-Q3,2024-09-30,Deposits,2430772000000,10-Q,USD
1,JPMorgan Chase,JPMorgan,19617,United States,NYSE,821106376704,2024-Q4,2024-12-31,Deposits,2406032000000,10-K,USD
1,JPMorgan Chase,JPMorgan,19617,United States,NYSE,821106376704,2024-Q4,2024-12-31,Deposits,2406032000000,10-Q,USD
1,JPMorgan Chase,JPMorgan,19617,United States,NYSE,821106376704,2025-Q1,2025-03-31,Deposits,2495877000000,10-Q,USD
2,Bank of America,Bank,70858,United States,NYSE,360307163136,2022-Q1,2022-03-31,NetIncome,7067000000,10-Q,USD
2,Bank of America,Bank,70858,United States,NYSE,360307163136,2022-Q1,2022-03-31,NetIncome,7067000000,10-Q,USD
2,Bank of America,Bank,70858,United States,NYSE,360307163136,2022-Q2,2022-06-30,NetIncome,13314000000,10-Q,USD
2,Bank of America,Bank,70858,United States,NYSE,360307163136,2022-Q2,2022-06-30,NetIncome,13314000000,10-Q,USD
2,Bank of America,Bank,70858,United States,NYSE,360307163136,2022-Q2,2022-06-30,NetIncome,6247000000,10-Q,USD
2,Bank of America,Bank,70858,United States,NYSE,360307163136,2022-Q2,2022-06-30,NetIncome,6247000000,10-Q,USD
2,Bank of America,Bank,70858,United States,NYSE,360307163136,2022-Q3,2022-09-30,NetIncome,20396000000,10-Q,USD
2,Bank of America,Bank,70858,United States,NYSE,360307163136,2022-Q3,2022-09-30,NetIncome,20396000000,10-Q,USD
2,Bank of America,Bank,70858,United States,NYSE,360307163136,2022-Q3,2022-09-30,NetIncome,7082000000,10-Q,USD
2,Bank of America,Bank,70858,United States,NYSE,360307163136,2022-Q3,2022-09-30,NetIncome,7082000000,10-Q,USD
2,Bank of America,Bank,70858,United States,NYSE,360307163136,2022-Q4,2022-12-31,NetIncome,27528000000,10-K,USD
2,Bank of America,Bank,70858,United States,NYSE,360307163136,2022-Q4,2022-12-31,NetIncome,27528000000,10-K,USD
2,Bank of America,Bank,70858,United States,NYSE,360307163136,2022-Q4,2022-12-31,NetIncome,27528000000,10-K,USD
2,Bank of America,Bank,70858,United States,NYSE,360307163136,2023-Q1,2023-03-31,NetIncome,8161000000,10-Q,USD
2,Bank of America,Bank,70858,United States,NYSE,360307163136,2023-Q1,2023-03-31,NetIncome,8161000000,10-Q,USD
2,Bank of America,Bank,70858,United States,NYSE,360307163136,2023-Q2,2023-06-30,NetIncome,15569000000,10-Q,USD
2,Bank of America,Bank,70858,United States,NYSE,360307163136,2023-Q2,2023-06-30,NetIncome,15569000000,10-Q,USD
2,Bank of America,Bank,70858,United States,NYSE,360307163136,2023-Q2,2023-06-30,NetIncome,7408000000,10-Q,USD
2,Bank of America,Bank,70858,United States,NYSE,360307163136,2023-Q2,2023-06-30,NetIncome,7408000000,10-Q,USD
2,Bank of America,Bank,70858,United States,NYSE,360307163136,2023-Q3,2023-09-30,NetIncome,23371000000,10-Q,USD
2,Bank of America,Bank,70858,United States,NYSE,360307163136,2023-Q3,2023-09-30,NetIncome,23371000000,10-Q,USD
2,Bank of America,Bank,70858,United States,NYSE,360307163136,2023-Q3,2023-09-30,NetIncome,7802000000,10-Q,USD
2,Bank of America,Bank,70858,United States,NYSE,360307163136,2023-Q3,2023-09-30,NetIncome,7802000000,10-Q,USD
2,Bank of America,Bank,70858,United States,NYSE,360307163136,2023-Q4,2023-12-31,NetIncome,26515000000,10-K,USD
2,Bank of America,Bank,70858,United States,NYSE,360307163136,2023-Q4,2023-12-31,NetIncome,26515000000,10-K,USD
2,Bank of America,Bank,70858,United States,NYSE,360307163136,2024-Q1,2024-03-31,NetIncome,6674000000,10-Q,USD
2,Bank of America,Bank,70858,United States,NYSE,360307163136,2024-Q1,2024-03-31,NetIncome,6674000000,10-Q,USD
2,Bank of America,Bank,70858,United States,NYSE,360307163136,2024-Q2,2024-06-30,NetIncome,13571000000,10-Q,USD
2,Bank of America,Bank,70858,United States,NYSE,360307163136,2024-Q2,2024-06-30,NetIncome,6897000000,10-Q,USD
2,Bank of America,Bank,70858,United States,NYSE,360307163136,2024-Q3,2024-09-30,NetIncome,20467000000,10-Q,USD
2,Bank of America,Bank,70858,United States,NYSE,360307163136,2024-Q3,2024-09-30,NetIncome,6896000000,10-Q,USD
2,Bank of America,Bank,70858,United States,NYSE,360307163136,2024-Q4,2024-12-31,NetIncome,27132000000,10-K,USD
2,Bank of America,Bank,70858,United States,NYSE,360307163136,2025-Q1,2025-03-31,NetIncome,7396000000,10-Q,USD
2,Bank of America,Bank,70858,United States,NYSE,360307163136,2022-Q1,2022-03-31,TotalAssets,3238223000000,10-Q,USD
2,Bank of America,Bank,70858,United States,NYSE,360307163136,2022-Q1,2022-03-31,TotalAssets,3238223000000,10-Q,USD
2,Bank of America,Bank,70858,United States,NYSE,360307163136,2022-Q2,2022-06-30,TotalAssets,3111606000000,10-Q,USD
2,Bank of America,Bank,70858,United States,NYSE,360307163136,2022-Q2,2022-06-30,TotalAssets,3111606000000,10-Q,USD
2,Bank of America,Bank,70858,United States,NYSE,360307163136,2022-Q3,2022-09-30,TotalAssets,3072953000000,10-Q,USD
2,Bank of America,Bank,70858,United States,NYSE,360307163136,2022-Q3,2022-09-30,TotalAssets,3072953000000,10-Q,USD
2,Bank of America,Bank,70858,United States,NYSE,360307163136,2022-Q4,2022-12-31,TotalAssets,3051375000000,10-K,USD
2,Bank of America,Bank,70858,United States,NYSE,360307163136,2022-Q4,2022-12-31,TotalAssets,3051375000000,10-Q,USD
2,Bank of America,Bank,70858,United States,NYSE,360307163136,2022-Q4,2022-12-31,TotalAssets,3051375000000,10-Q,USD
2,Bank of America,Bank,70858,United States,NYSE,360307163136,2022-Q4,2022-12-31,TotalAssets,3051375000000,10-Q,USD
2,Bank of America,Bank,70858,United States,NYSE,360307163136,2022-Q4,2022-12-31,TotalAssets,3051375000000,10-K,USD
2,Bank of America,Bank,70858,United States,NYSE,360307163136,2023-Q1,2023-03-31,TotalAssets,3194657000000,10-Q,USD
2,Bank of America,Bank,70858,United States,NYSE,360307163136,2023-Q1,2023-03-31,TotalAssets,3194657000000,10-Q,USD
2,Bank of America,Bank,70858,United States,NYSE,360307163136,2023-Q2,2023-06-30,TotalAssets,3123198000000,10-Q,USD
2,Bank of America,Bank,70858,United States,NYSE,360307163136,2023-Q2,2023-06-30,TotalAssets,3123198000000,10-Q,USD
2,Bank of America,Bank,70858,United States,NYSE,360307163136,2023-Q3,2023-09-30,TotalAssets,3153090000000,10-Q,USD
2,Bank of America,Bank,70858,United States,NYSE,360307163136,2023-Q3,2023-09-30,TotalAssets,3153090000000,10-Q,USD
2,Bank of America,Bank,70858,United States,NYSE,360307163136,2023-Q4,2023-12-31,TotalAssets,3180151000000,10-K,USD
2,Bank of America,Bank,70858,United States,NYSE,360307163136,2023-Q4,2023-12-31,TotalAssets,3180151000000,10-Q,USD
2,Bank of America,Bank,70858,United States,NYSE,360307163136,2023-Q4,2023-12-31,TotalAssets,3180151000000,10-Q,USD
2,Bank of America,Bank,70858,United States,NYSE,360307163136,2023-Q4,2023-12-31,TotalAssets,3180151000000,10-Q,USD
2,Bank of America,Bank,70858,United States,NYSE,360307163136,2023-Q4,2023-12-31,TotalAssets,3180151000000,10-K,USD
2,Bank of America,Bank,70858,United States,NYSE,360307163136,2024-Q1,2024-03-31,TotalAssets,3273803000000,10-Q,USD
2,Bank of America,Bank,70858,United States,NYSE,360307163136,2024-Q1,2024-03-31,TotalAssets,3273803000000,10-Q,USD
2,Bank of America,Bank,70858,United States,NYSE,360307163136,2024-Q2,2024-06-30,TotalAssets,3257996000000,10-Q,USD
2,Bank of America,Bank,70858,United States,NYSE,360307163136,2024-Q3,2024-09-30,TotalAssets,3324293000000,10-Q,USD
2,Bank of America,Bank,70858,United States,NYSE,360307163136,2024-Q4,2024-12-31,TotalAssets,3261519000000,10-K,USD
2,Bank of America,Bank,70858,United States,NYSE,360307163136,2024-Q4,2024-12-31,TotalAssets,3261519000000,10-Q,USD
2,Bank of America,Bank,70858,United States,NYSE,360307163136,2025-Q1,2025-03-31,TotalAssets,3349424000000,10-Q,USD
2,Bank of America,Bank,70858,United States,NYSE,360307163136,2022-Q1,2022-03-31,Deposits,2072409000000,10-Q,USD
2,Bank of America,Bank,70858,United States,NYSE,360307163136,2022-Q2,2022-06-30,Deposits,1984349000000,10-Q,USD
2,Bank of America,Bank,70858,United States,NYSE,360307163136,2022-Q3,2022-09-30,Deposits,1938097000000,10-Q,USD
2,Bank of America,Bank,70858,United States,NYSE,360307163136,2022-Q4,2022-12-31,Deposits,1930341000000,10-K,USD
2,Bank of America,Bank,70858,United States,NYSE,360307163136,2022-Q4,2022-12-31,Deposits,1930341000000,10-Q,USD
2,Bank of America,Bank,70858,United States,NYSE,360307163136,2022-Q4,2022-12-31,Deposits,1930341000000,10-Q,USD
2,Bank of America,Bank,70858,United States,NYSE,360307163136,2022-Q4,2022-12-31,Deposits,1930341000000,10-Q,USD
2,Bank of America,Bank,70858,United States,NYSE,360307163136,2022-Q4,2022-12-31,Deposits,1930341000000,10-K,USD
2,Bank of America,Bank,70858,United States,NYSE,360307163136,2023-Q1,2023-03-31,Deposits,1910402000000,10-Q,USD
2,Bank of America,Bank,70858,United States,NYSE,360307163136,2023-Q2,2023-06-30,Deposits,1877209000000,10-Q,USD
2,Bank of America,Bank,70858,United States,NYSE,360307163136,2023-Q3,2023-09-30,Deposits,1884601000000,10-Q,USD
2,Bank of America,Bank,70858,United States,NYSE,360307163136,2023-Q4,2023-12-31,Deposits,1923827000000,10-K,USD
2,Bank of America,Bank,70858,United States,NYSE,360307163136,2023-Q4,2023-12-31,Deposits,1923827000000,10-Q,USD
2,Bank of America,Bank,70858,United States,NYSE,360307163136,2023-Q4,2023-12-31,Deposits,1923827000000,10-Q,USD
2,Bank of America,Bank,70858,United States,NYSE,360307163136,2023-Q4,2023-12-31,Deposits,1923827000000,10-Q,USD
2,Bank of America,Bank,70858,United States,NYSE,360307163136,2023-Q4,2023-12-31,Deposits,1923827000000,10-K,USD
2,Bank of America,Bank,70858,United States,NYSE,360307163136,2024-Q1,2024-03-31,Deposits,1946496000000,10-Q,USD
2,Bank of America,Bank,70858,United States,NYSE,360307163136,2024-Q2,2024-06-30,Deposits,1910491000000,10-Q,USD
2,Bank of America,Bank,70858,United States,NYSE,360307163136,2024-Q3,2024-09-30,Deposits,1930352000000,10-Q,USD
2,Bank of America,Bank,70858,United States,NYSE,360307163136,2024-Q4,2024-12-31,Deposits,1965467000000,10-K,USD
2,Bank of America,Bank,70858,United States,NYSE,360307163136,2024-Q4,2024-12-31,Deposits,1965467000000,10-Q,USD
2,Bank of America,Bank,70858,United States,NYSE,360307163136,2025-Q1,2025-03-31,Deposits,1989564000000,10-Q,USD
3,Wells Fargo,WELLS,72971,United States,NYSE,271541583872,2022-Q1,2022-03-31,NetIncome,3671000000,10-Q,USD
3,Wells Fargo,WELLS,72971,United States,NYSE,271541583872,2022-Q1,2022-03-31,NetIncome,3788000000,10-Q,USD
3,Wells Fargo,WELLS,72971,United States,NYSE,271541583872,2022-Q2,2022-06-30,NetIncome,6790000000,10-Q,USD
3,Wells Fargo,WELLS,72971,United States,NYSE,271541583872,2022-Q2,2022-06-30,NetIncome,6930000000,10-Q,USD
3,Wells Fargo,WELLS,72971,United States,NYSE,271541583872,2022-Q2,2022-06-30,NetIncome,3119000000,10-Q,USD
3,Wells Fargo,WELLS,72971,United States,NYSE,271541583872,2022-Q2,2022-06-30,NetIncome,3142000000,10-Q,USD
3,Wells Fargo,WELLS,72971,United States,NYSE,271541583872,2022-Q3,2022-09-30,NetIncome,10318000000,10-Q,USD
3,Wells Fargo,WELLS,72971,United States,NYSE,271541583872,2022-Q3,2022-09-30,NetIncome,10522000000,10-Q,USD
3,Wells Fargo,WELLS,72971,United States,NYSE,271541583872,2022-Q3,2022-09-30,NetIncome,3528000000,10-Q,USD
3,Wells Fargo,WELLS,72971,United States,NYSE,271541583872,2022-Q3,2022-09-30,NetIncome,3592000000,10-Q,USD
3,Wells Fargo,WELLS,72971,United States,NYSE,271541583872,2022-Q4,2022-12-31,NetIncome,13182000000,10-K,USD
3,Wells Fargo,WELLS,72971,United States,NYSE,271541583872,2022-Q4,2022-12-31,NetIncome,13677000000,10-K,USD
3,Wells Fargo,WELLS,72971,United States,NYSE,271541583872,2022-Q4,2022-12-31,NetIncome,13677000000,10-K,USD
3,Wells Fargo,WELLS,72971,United States,NYSE,271541583872,2023-Q1,2023-03-31,NetIncome,4991000000,10-Q,USD
3,Wells Fargo,WELLS,72971,United States,NYSE,271541583872,2023-Q1,2023-03-31,NetIncome,4991000000,10-Q,USD
3,Wells Fargo,WELLS,72971,United States,NYSE,271541583872,2023-Q2,2023-06-30,NetIncome,9929000000,10-Q,USD
3,Wells Fargo,WELLS,72971,United States,NYSE,271541583872,2023-Q2,2023-06-30,NetIncome,9929000000,10-Q,USD
3,Wells Fargo,WELLS,72971,United States,NYSE,271541583872,2023-Q2,2023-06-30,NetIncome,4938000000,10-Q,USD
3,Wells Fargo,WELLS,72971,United States,NYSE,271541583872,2023-Q2,2023-06-30,NetIncome,4938000000,10-Q,USD
3,Wells Fargo,WELLS,72971,United States,NYSE,271541583872,2023-Q3,2023-09-30,NetIncome,15696000000,10-Q,USD
3,Wells Fargo,WELLS,72971,United States,NYSE,271541583872,2023-Q3,2023-09-30,NetIncome,15696000000,10-Q,USD
3,Wells Fargo,WELLS,72971,United States,NYSE,271541583872,2023-Q3,2023-09-30,NetIncome,5767000000,10-Q,USD
3,Wells Fargo,WELLS,72971,United States,NYSE,271541583872,2023-Q3,2023-09-30,NetIncome,5767000000,10-Q,USD
3,Wells Fargo,WELLS,72971,United States,NYSE,271541583872,2023-Q4,2023-12-31,NetIncome,19142000000,10-K,USD
3,Wells Fargo,WELLS,72971,United States,NYSE,271541583872,2023-Q4,2023-12-31,NetIncome,19142000000,10-K,USD
3,Wells Fargo,WELLS,72971,United States,NYSE,271541583872,2024-Q1,2024-03-31,NetIncome,4619000000,10-Q,USD
3,Wells Fargo,WELLS,72971,United States,NYSE,271541583872,2024-Q1,2024-03-31,NetIncome,4619000000,10-Q,USD
3,Wells Fargo,WELLS,72971,United States,NYSE,271541583872,2024-Q2,2024-06-30,NetIncome,9529000000,10-Q,USD
3,Wells Fargo,WELLS,72971,United States,NYSE,271541583872,2024-Q2,2024-06-30,NetIncome,4910000000,10-Q,USD
3,Wells Fargo,WELLS,72971,United States,NYSE,271541583872,2024-Q3,2024-09-30,NetIncome,14643000000,10-Q,USD
3,Wells Fargo,WELLS,72971,United States,NYSE,271541583872,2024-Q3,2024-09-30,NetIncome,5114000000,10-Q,USD
3,Wells Fargo,WELLS,72971,United States,NYSE,271541583872,2024-Q4,2024-12-31,NetIncome,19722000000,10-K,USD
3,Wells Fargo,WELLS,72971,United States,NYSE,271541583872,2025-Q1,2025-03-31,NetIncome,4894000000,10-Q,USD
3,Wells Fargo,WELLS,72971,United States,NYSE,271541583872,2022-Q1,2022-03-31,TotalAssets,1939709000000,10-Q,USD
3,Wells Fargo,WELLS,72971,United States,NYSE,271541583872,2022-Q1,2022-03-31,TotalAssets,1939709000000,10-Q,USD
3,Wells Fargo,WELLS,72971,United States,NYSE,271541583872,2022-Q2,2022-06-30,TotalAssets,1881142000000,10-Q,USD
3,Wells Fargo,WELLS,72971,United States,NYSE,271541583872,2022-Q2,2022-06-30,TotalAssets,1881141000000,10-Q,USD
3,Wells Fargo,WELLS,72971,United States,NYSE,271541583872,2022-Q3,2022-09-30,TotalAssets,1877745000000,10-Q,USD
3,Wells Fargo,WELLS,72971,United States,NYSE,271541583872,2022-Q3,2022-09-30,TotalAssets,1877719000000,10-Q,USD
3,Wells Fargo,WELLS,72971,United States,NYSE,271541583872,2022-Q4,2022-12-31,TotalAssets,1881016000000,10-K,USD
3,Wells Fargo,WELLS,72971,United States,NYSE,271541583872,2022-Q4,2022-12-31,TotalAssets,1881020000000,10-Q,USD
3,Wells Fargo,WELLS,72971,United States,NYSE,271541583872,2022-Q4,2022-12-31,TotalAssets,1881020000000,10-Q,USD
3,Wells Fargo,WELLS,72971,United States,NYSE,271541583872,2022-Q4,2022-12-31,TotalAssets,1881020000000,10-Q,USD
3,Wells Fargo,WELLS,72971,United States,NYSE,271541583872,2022-Q4,2022-12-31,TotalAssets,1881020000000,10-K,USD
3,Wells Fargo,WELLS,72971,United States,NYSE,271541583872,2023-Q1,2023-03-31,TotalAssets,1886400000000,10-Q,USD
3,Wells Fargo,WELLS,72971,United States,NYSE,271541583872,2023-Q1,2023-03-31,TotalAssets,1886400000000,10-Q,USD
3,Wells Fargo,WELLS,72971,United States,NYSE,271541583872,2023-Q2,2023-06-30,TotalAssets,1876320000000,10-Q,USD
3,Wells Fargo,WELLS,72971,United States,NYSE,271541583872,2023-Q2,2023-06-30,TotalAssets,1876320000000,10-Q,USD
3,Wells Fargo,WELLS,72971,United States,NYSE,271541583872,2023-Q3,2023-09-30,TotalAssets,1909261000000,10-Q,USD
3,Wells Fargo,WELLS,72971,United States,NYSE,271541583872,2023-Q3,2023-09-30,TotalAssets,1909261000000,10-Q,USD
3,Wells Fargo,WELLS,72971,United States,NYSE,271541583872,2023-Q4,2023-12-31,TotalAssets,1932468000000,10-K,USD
3,Wells Fargo,WELLS,72971,United States,NYSE,271541583872,2023-Q4,2023-12-31,TotalAssets,1932468000000,10-Q,USD
3,Wells Fargo,WELLS,72971,United States,NYSE,271541583872,2023-Q4,2023-12-31,TotalAssets,1932468000000,10-Q,USD
3,Wells Fargo,WELLS,72971,United States,NYSE,271541583872,2023-Q4,2023-12-31,TotalAssets,1932468000000,10-Q,USD
3,Wells Fargo,WELLS,72971,United States,NYSE,271541583872,2023-Q4,2023-12-31,TotalAssets,1932468000000,10-K,USD
3,Wells Fargo,WELLS,72971,United States,NYSE,271541583872,2024-Q1,2024-03-31,TotalAssets,1959153000000,10-Q,USD
3,Wells Fargo,WELLS,72971,United States,NYSE,271541583872,2024-Q1,2024-03-31,TotalAssets,1959153000000,10-Q,USD
3,Wells Fargo,WELLS,72971,United States,NYSE,271541583872,2024-Q2,2024-06-30,TotalAssets,1940073000000,10-Q,USD
3,Wells Fargo,WELLS,72971,United States,NYSE,271541583872,2024-Q3,2024-09-30,TotalAssets,1922125000000,10-Q,USD
3,Wells Fargo,WELLS,72971,United States,NYSE,271541583872,2024-Q4,2024-12-31,TotalAssets,1929845000000,10-K,USD
3,Wells Fargo,WELLS,72971,United States,NYSE,271541583872,2024-Q4,2024-12-31,TotalAssets,1929845000000,10-Q,USD
3,Wells Fargo,WELLS,72971,United States,NYSE,271541583872,2025-Q1,2025-03-31,TotalAssets,1950311000000,10-Q,USD
3,Wells Fargo,WELLS,72971,United States,NYSE,271541583872,2022-Q1,2022-03-31,Deposits,1481354000000,10-Q,USD
3,Wells Fargo,WELLS,72971,United States,NYSE,271541583872,2022-Q1,2022-03-31,Deposits,1481354000000,10-Q,USD
3,Wells Fargo,WELLS,72971,United States,NYSE,271541583872,2022-Q2,2022-06-30,Deposits,1425153000000,10-Q,USD
3,Wells Fargo,WELLS,72971,United States,NYSE,271541583872,2022-Q2,2022-06-30,Deposits,1425153000000,10-Q,USD
3,Wells Fargo,WELLS,72971,United States,NYSE,271541583872,2022-Q3,2022-09-30,Deposits,1398151000000,10-Q,USD
3,Wells Fargo,WELLS,72971,United States,NYSE,271541583872,2022-Q3,2022-09-30,Deposits,1398151000000,10-Q,USD
3,Wells Fargo,WELLS,72971,United States,NYSE,271541583872,2022-Q4,2022-12-31,Deposits,1383985000000,10-K,USD
3,Wells Fargo,WELLS,72971,United States,NYSE,271541583872,2022-Q4,2022-12-31,Deposits,1383985000000,10-Q,USD
3,Wells Fargo,WELLS,72971,United States,NYSE,271541583872,2022-Q4,2022-12-31,Deposits,1383985000000,10-Q,USD
3,Wells Fargo,WELLS,72971,United States,NYSE,271541583872,2022-Q4,2022-12-31,Deposits,1383985000000,10-Q,USD
3,Wells Fargo,WELLS,72971,United States,NYSE,271541583872,2022-Q4,2022-12-31,Deposits,1383985000000,10-K,USD
3,Wells Fargo,WELLS,72971,United States,NYSE,271541583872,2023-Q1,2023-03-31,Deposits,1362629000000,10-Q,USD
3,Wells Fargo,WELLS,72971,United States,NYSE,271541583872,2023-Q1,2023-03-31,Deposits,1362629000000,10-Q,USD
3,Wells Fargo,WELLS,72971,United States,NYSE,271541583872,2023-Q2,2023-06-30,Deposits,1344584000000,10-Q,USD
3,Wells Fargo,WELLS,72971,United States,NYSE,271541583872,2023-Q2,2023-06-30,Deposits,1344584000000,10-Q,USD
3,Wells Fargo,WELLS,72971,United States,NYSE,271541583872,2023-Q3,2023-09-30,Deposits,1354010000000,10-Q,USD
3,Wells Fargo,WELLS,72971,United States,NYSE,271541583872,2023-Q3,2023-09-30,Deposits,1354010000000,10-Q,USD
3,Wells Fargo,WELLS,72971,United States,NYSE,271541583872,2023-Q4,2023-12-31,Deposits,1358173000000,10-K,USD
3,Wells Fargo,WELLS,72971,United States,NYSE,271541583872,2023-Q4,2023-12-31,Deposits,1358173000000,10-Q,USD
3,Wells Fargo,WELLS,72971,United States,NYSE,271541583872,2023-Q4,2023-12-31,Deposits,1358173000000,10-Q,USD
3,Wells Fargo,WELLS,72971,United States,NYSE,271541583872,2023-Q4,2023-12-31,Deposits,1358173000000,10-Q,USD
3,Wells Fargo,WELLS,72971,United States,NYSE,271541583872,2023-Q4,2023-12-31,Deposits,1358173000000,10-K,USD
3,Wells Fargo,WELLS,72971,United States,NYSE,271541583872,2024-Q1,2024-03-31,Deposits,1383147000000,10-Q,USD
3,Wells Fargo,WELLS,72971,United States,NYSE,271541583872,2024-Q1,2024-03-31,Deposits,1383147000000,10-Q,USD
3,Wells Fargo,WELLS,72971,United States,NYSE,271541583872,2024-Q2,2024-06-30,Deposits,1365894000000,10-Q,USD
3,Wells Fargo,WELLS,72971,United States,NYSE,271541583872,2024-Q3,2024-09-30,Deposits,1349646000000,10-Q,USD
3,Wells Fargo,WELLS,72971,United States,NYSE,271541583872,2024-Q4,2024-12-31,Deposits,1371804000000,10-K,USD
3,Wells Fargo,WELLS,72971,United States,NYSE,271541583872,2024-Q4,2024-12-31,Deposits,1371804000000,10-Q,USD
3,Wells Fargo,WELLS,72971,United States,NYSE,271541583872,2025-Q1,2025-03-31,Deposits,1361728000000,10-Q,USD
4,Morgan Stanley,MORGAN,895421,United States,NYSE,228529979392,2022-Q1,2022-03-31,NetIncome,3666000000,10-Q,USD
4,Morgan Stanley,MORGAN,895421,United States,NYSE,228529979392,2022-Q1,2022-03-31,NetIncome,3666000000,10-Q,USD
4,Morgan Stanley,MORGAN,895421,United States,NYSE,228529979392,2022-Q2,2022-06-30,NetIncome,6161000000,10-Q,USD
4,Morgan Stanley,MORGAN,895421,United States,NYSE,228529979392,2022-Q2,2022-06-30,NetIncome,6161000000,10-Q,USD
4,Morgan Stanley,MORGAN,895421,United States,NYSE,228529979392,2022-Q2,2022-06-30,NetIncome,2495000000,10-Q,USD
4,Morgan Stanley,MORGAN,895421,United States,NYSE,228529979392,2022-Q2,2022-06-30,NetIncome,2495000000,10-Q,USD
4,Morgan Stanley,MORGAN,895421,United States,NYSE,228529979392,2022-Q3,2022-09-30,NetIncome,8793000000,10-Q,USD
4,Morgan Stanley,MORGAN,895421,United States,NYSE,228529979392,2022-Q3,2022-09-30,NetIncome,8793000000,10-Q,USD
4,Morgan Stanley,MORGAN,895421,United States,NYSE,228529979392,2022-Q3,2022-09-30,NetIncome,2632000000,10-Q,USD
4,Morgan Stanley,MORGAN,895421,United States,NYSE,228529979392,2022-Q3,2022-09-30,NetIncome,2632000000,10-Q,USD
4,Morgan Stanley,MORGAN,895421,United States,NYSE,228529979392,2022-Q4,2022-12-31,NetIncome,11029000000,10-K,USD
4,Morgan Stanley,MORGAN,895421,United States,NYSE,228529979392,2022-Q4,2022-12-31,NetIncome,11029000000,10-K,USD
4,Morgan Stanley,MORGAN,895421,United States,NYSE,228529979392,2022-Q4,2022-12-31,NetIncome,11029000000,10-K,USD
4,Morgan Stanley,MORGAN,895421,United States,NYSE,228529979392,2023-Q1,2023-03-31,NetIncome,2980000000,10-Q,USD
4,Morgan Stanley,MORGAN,895421,United States,NYSE,228529979392,2023-Q1,2023-03-31,NetIncome,2980000000,10-Q,USD
4,Morgan Stanley,MORGAN,895421,United States,NYSE,228529979392,2023-Q2,2023-06-30,NetIncome,5162000000,10-Q,USD
4,Morgan Stanley,MORGAN,895421,United States,NYSE,228529979392,2023-Q2,2023-06-30,NetIncome,5162000000,10-Q,USD
4,Morgan Stanley,MORGAN,895421,United States,NYSE,228529979392,2023-Q2,2023-06-30,NetIncome,2182000000,10-Q,USD
4,Morgan Stanley,MORGAN,895421,United States,NYSE,228529979392,2023-Q2,2023-06-30,NetIncome,2182000000,10-Q,USD
4,Morgan Stanley,MORGAN,895421,United States,NYSE,228529979392,2023-Q3,2023-09-30,NetIncome,7570000000,10-Q,USD
4,Morgan Stanley,MORGAN,895421,United States,NYSE,228529979392,2023-Q3,2023-09-30,NetIncome,7570000000,10-Q,USD
4,Morgan Stanley,MORGAN,895421,United States,NYSE,228529979392,2023-Q3,2023-09-30,NetIncome,2408000000,10-Q,USD
4,Morgan Stanley,MORGAN,895421,United States,NYSE,228529979392,2023-Q3,2023-09-30,NetIncome,2408000000,10-Q,USD
4,Morgan Stanley,MORGAN,895421,United States,NYSE,228529979392,2023-Q4,2023-12-31,NetIncome,9087000000,10-K,USD
4,Morgan Stanley,MORGAN,895421,United States,NYSE,228529979392,2023-Q4,2023-12-31,NetIncome,9087000000,10-K,USD
4,Morgan Stanley,MORGAN,895421,United States,NYSE,228529979392,2024-Q1,2024-03-31,NetIncome,3412000000,10-Q,USD
4,Morgan Stanley,MORGAN,895421,United States,NYSE,228529979392,2024-Q1,2024-03-31,NetIncome,3412000000,10-Q,USD
4,Morgan Stanley,MORGAN,895421,United States,NYSE,228529979392,2024-Q2,2024-06-30,NetIncome,6488000000,10-Q,USD
4,Morgan Stanley,MORGAN,895421,United States,NYSE,228529979392,2024-Q2,2024-06-30,NetIncome,3076000000,10-Q,USD
4,Morgan Stanley,MORGAN,895421,United States,NYSE,228529979392,2024-Q3,2024-09-30,NetIncome,9676000000,10-Q,USD
4,Morgan Stanley,MORGAN,895421,United States,NYSE,228529979392,2024-Q3,2024-09-30,NetIncome,3188000000,10-Q,USD
4,Morgan Stanley,MORGAN,895421,United States,NYSE,228529979392,2024-Q4,2024-12-31,NetIncome,13390000000,10-K,USD
4,Morgan Stanley,MORGAN,895421,United States,NYSE,228529979392,2025-Q1,2025-03-31,NetIncome,4315000000,10-Q,USD
4,Morgan Stanley,MORGAN,895421,United States,NYSE,228529979392,2022-Q1,2022-03-31,TotalAssets,1222233000000,10-Q,USD
4,Morgan Stanley,MORGAN,895421,United States,NYSE,228529979392,2022-Q2,2022-06-30,TotalAssets,1173776000000,10-Q,USD
4,Morgan Stanley,MORGAN,895421,United States,NYSE,228529979392,2022-Q3,2022-09-30,TotalAssets,1160029000000,10-Q,USD
4,Morgan Stanley,MORGAN,895421,United States,NYSE,228529979392,2022-Q4,2022-12-31,TotalAssets,1180231000000,10-K,USD
4,Morgan Stanley,MORGAN,895421,United States,NYSE,228529979392,2022-Q4,2022-12-31,TotalAssets,1180231000000,10-Q,USD
4,Morgan Stanley,MORGAN,895421,United States,NYSE,228529979392,2022-Q4,2022-12-31,TotalAssets,1180231000000,10-Q,USD
4,Morgan Stanley,MORGAN,895421,United States,NYSE,228529979392,2022-Q4,2022-12-31,TotalAssets,1180231000000,10-Q,USD
4,Morgan Stanley,MORGAN,895421,United States,NYSE,228529979392,2022-Q4,2022-12-31,TotalAssets,1180231000000,10-K,USD
4,Morgan Stanley,MORGAN,895421,United States,NYSE,228529979392,2023-Q1,2023-03-31,TotalAssets,1199904000000,10-Q,USD
4,Morgan Stanley,MORGAN,895421,United States,NYSE,228529979392,2023-Q2,2023-06-30,TotalAssets,1164911000000,10-Q,USD
4,Morgan Stanley,MORGAN,895421,United States,NYSE,228529979392,2023-Q3,2023-09-30,TotalAssets,1169013000000,10-Q,USD
4,Morgan Stanley,MORGAN,895421,United States,NYSE,228529979392,2023-Q4,2023-12-31,TotalAssets,1193693000000,10-K,USD
4,Morgan Stanley,MORGAN,895421,United States,NYSE,228529979392,2023-Q4,2023-12-31,TotalAssets,1193693000000,10-Q,USD
4,Morgan Stanley,MORGAN,895421,United States,NYSE,228529979392,2023-Q4,2023-12-31,TotalAssets,1193693000000,10-Q,USD
4,Morgan Stanley,MORGAN,895421,United States,NYSE,228529979392,2023-Q4,2023-12-31,TotalAssets,1193693000000,10-Q,USD
4,Morgan Stanley,MORGAN,895421,United States,NYSE,228529979392,2023-Q4,2023-12-31,TotalAssets,1193693000000,10-K,USD
4,Morgan Stanley,MORGAN,895421,United States,NYSE,228529979392,2024-Q1,2024-03-31,TotalAssets,1228503000000,10-Q,USD
4,Morgan Stanley,MORGAN,895421,United States,NYSE,228529979392,2024-Q2,2024-06-30,TotalAssets,1212447000000,10-Q,USD
4,Morgan Stanley,MORGAN,895421,United States,NYSE,228529979392,2024-Q3,2024-09-30,TotalAssets,1258027000000,10-Q,USD
4,Morgan Stanley,MORGAN,895421,United States,NYSE,228529979392,2024-Q4,2024-12-31,TotalAssets,1215071000000,10-K,USD
4,Morgan Stanley,MORGAN,895421,United States,NYSE,228529979392,2024-Q4,2024-12-31,TotalAssets,1215071000000,10-Q,USD
4,Morgan Stanley,MORGAN,895421,United States,NYSE,228529979392,2025-Q1,2025-03-31,TotalAssets,1300296000000,10-Q,USD
4,Morgan Stanley,MORGAN,895421,United States,NYSE,228529979392,2022-Q1,2022-03-31,Deposits,360840000000,10-Q,USD
4,Morgan Stanley,MORGAN,895421,United States,NYSE,228529979392,2022-Q2,2022-06-30,Deposits,347148000000,10-Q,USD
4,Morgan Stanley,MORGAN,895421,United States,NYSE,228529979392,2022-Q3,2022-09-30,Deposits,338123000000,10-Q,USD
4,Morgan Stanley,MORGAN,895421,United States,NYSE,228529979392,2022-Q4,2022-12-31,Deposits,356646000000,10-K,USD
4,Morgan Stanley,MORGAN,895421,United States,NYSE,228529979392,2022-Q4,2022-12-31,Deposits,356646000000,10-Q,USD
4,Morgan Stanley,MORGAN,895421,United States,NYSE,228529979392,2022-Q4,2022-12-31,Deposits,356646000000,10-Q,USD
4,Morgan Stanley,MORGAN,895421,United States,NYSE,228529979392,2022-Q4,2022-12-31,Deposits,356646000000,10-Q,USD
4,Morgan Stanley,MORGAN,895421,United States,NYSE,228529979392,2022-Q4,2022-12-31,Deposits,356646000000,10-K,USD
4,Morgan Stanley,MORGAN,895421,United States,NYSE,228529979392,2023-Q1,2023-03-31,Deposits,347523000000,10-Q,USD
4,Morgan Stanley,MORGAN,895421,United States,NYSE,228529979392,2023-Q2,2023-06-30,Deposits,348511000000,10-Q,USD
4,Morgan Stanley,MORGAN,895421,United States,NYSE,228529979392,2023-Q3,2023-09-30,Deposits,345458000000,10-Q,USD
4,Morgan Stanley,MORGAN,895421,United States,NYSE,228529979392,2023-Q4,2023-12-31,Deposits,351804000000,10-K,USD
4,Morgan Stanley,MORGAN,895421,United States,NYSE,228529979392,2023-Q4,2023-12-31,Deposits,351804000000,10-Q,USD
4,Morgan Stanley,MORGAN,895421,United States,NYSE,228529979392,2023-Q4,2023-12-31,Deposits,351804000000,10-Q,USD
4,Morgan Stanley,MORGAN,895421,United States,NYSE,228529979392,2023-Q4,2023-12-31,Deposits,351804000000,10-Q,USD
4,Morgan Stanley,MORGAN,895421,United States,NYSE,228529979392,2023-Q4,2023-12-31,Deposits,351804000000,10-K,USD
4,Morgan Stanley,MORGAN,895421,United States,NYSE,228529979392,2024-Q1,2024-03-31,Deposits,352494000000,10-Q,USD
4,Morgan Stanley,MORGAN,895421,United States,NYSE,228529979392,2024-Q2,2024-06-30,Deposits,348890000000,10-Q,USD
4,Morgan Stanley,MORGAN,895421,United States,NYSE,228529979392,2024-Q3,2024-09-30,Deposits,363722000000,10-Q,USD
4,Morgan Stanley,MORGAN,895421,United States,NYSE,228529979392,2024-Q4,2024-12-31,Deposits,376007000000,10-K,USD
4,Morgan Stanley,MORGAN,895421,United States,NYSE,228529979392,2024-Q4,2024-12-31,Deposits,376007000000,10-Q,USD
4,Morgan Stanley,MORGAN,895421,United States,NYSE,228529979392,2025-Q1,2025-03-31,Deposits,381563000000,10-Q,USD
5,Goldman Sachs,The,886982,United States,NYSE,223680937984,2022-Q1,2022-03-31,NetIncome,3939000000,10-Q,USD
5,Goldman Sachs,The,886982,United States,NYSE,223680937984,2022-Q1,2022-03-31,NetIncome,3939000000,10-Q,USD
5,Goldman Sachs,The,886982,United States,NYSE,223680937984,2022-Q2,2022-06-30,NetIncome,6866000000,10-Q,USD
5,Goldman Sachs,The,886982,United States,NYSE,223680937984,2022-Q2,2022-06-30,NetIncome,6866000000,10-Q,USD
5,Goldman Sachs,The,886982,United States,NYSE,223680937984,2022-Q2,2022-06-30,NetIncome,2927000000,10-Q,USD
5,Goldman Sachs,The,886982,United States,NYSE,223680937984,2022-Q2,2022-06-30,NetIncome,2927000000,10-Q,USD
5,Goldman Sachs,The,886982,United States,NYSE,223680937984,2022-Q3,2022-09-30,NetIncome,9935000000,10-Q,USD
5,Goldman Sachs,The,886982,United States,NYSE,223680937984,2022-Q3,2022-09-30,NetIncome,9935000000,10-Q,USD
5,Goldman Sachs,The,886982,United States,NYSE,223680937984,2022-Q3,2022-09-30,NetIncome,3069000000,10-Q,USD
5,Goldman Sachs,The,886982,United States,NYSE,223680937984,2022-Q3,2022-09-30,NetIncome,3069000000,10-Q,USD
5,Goldman Sachs,The,886982,United States,NYSE,223680937984,2022-Q4,2022-12-31,NetIncome,11261000000,10-K,USD
5,Goldman Sachs,The,886982,United States,NYSE,223680937984,2022-Q4,2022-12-31,NetIncome,11261000000,10-K,USD
5,Goldman Sachs,The,886982,United States,NYSE,223680937984,2022-Q4,2022-12-31,NetIncome,11261000000,10-K,USD
5,Goldman Sachs,The,886982,United States,NYSE,223680937984,2023-Q1,2023-03-31,NetIncome,3234000000,10-Q,USD
5,Goldman Sachs,The,886982,United States,NYSE,223680937984,2023-Q1,2023-03-31,NetIncome,3234000000,10-Q,USD
5,Goldman Sachs,The,886982,United States,NYSE,223680937984,2023-Q2,2023-06-30,NetIncome,4450000000,10-Q,USD
5,Goldman Sachs,The,886982,United States,NYSE,223680937984,2023-Q2,2023-06-30,NetIncome,4450000000,10-Q,USD
5,Goldman Sachs,The,886982,United States,NYSE,223680937984,2023-Q2,2023-06-30,NetIncome,1216000000,10-Q,USD
5,Goldman Sachs,The,886982,United States,NYSE,223680937984,2023-Q2,2023-06-30,NetIncome,1216000000,10-Q,USD
5,Goldman Sachs,The,886982,United States,NYSE,223680937984,2023-Q3,2023-09-30,NetIncome,6508000000,10-Q,USD
5,Goldman Sachs,The,886982,United States,NYSE,223680937984,2023-Q3,2023-09-30,NetIncome,6508000000,10-Q,USD
5,Goldman Sachs,The,886982,United States,NYSE,223680937984,2023-Q3,2023-09-30,NetIncome,2058000000,10-Q,USD
5,Goldman Sachs,The,886982,United States,NYSE,223680937984,2023-Q3,2023-09-30,NetIncome,2058000000,10-Q,USD
5,Goldman Sachs,The,886982,United States,NYSE,223680937984,2023-Q4,2023-12-31,NetIncome,8516000000,10-K,USD
5,Goldman Sachs,The,886982,United States,NYSE,223680937984,2023-Q4,2023-12-31,NetIncome,8516000000,10-K,USD
5,Goldman Sachs,The,886982,United States,NYSE,223680937984,2024-Q1,2024-03-31,NetIncome,4132000000,10-Q,USD
5,Goldman Sachs,The,886982,United States,NYSE,223680937984,2024-Q1,2024-03-31,NetIncome,4132000000,10-Q,USD
5,Goldman Sachs,The,886982,United States,NYSE,223680937984,2024-Q2,2024-06-30,NetIncome,7175000000,10-Q,USD
5,Goldman Sachs,The,886982,United States,NYSE,223680937984,2024-Q2,2024-06-30,NetIncome,3043000000,10-Q,USD
5,Goldman Sachs,The,886982,United States,NYSE,223680937984,2024-Q3,2024-09-30,NetIncome,10165000000,10-Q,USD
5,Goldman Sachs,The,886982,United States,NYSE,223680937984,2024-Q3,2024-09-30,NetIncome,2990000000,10-Q,USD
5,Goldman Sachs,The,886982,United States,NYSE,223680937984,2024-Q4,2024-12-31,NetIncome,14276000000,10-K,USD
5,Goldman Sachs,The,886982,United States,NYSE,223680937984,2025-Q1,2025-03-31,NetIncome,4738000000,10-Q,USD
5,Goldman Sachs,The,886982,United States,NYSE,223680937984,2022-Q1,2022-03-31,TotalAssets,1589441000000,10-Q,USD
5,Goldman Sachs,The,886982,United States,NYSE,223680937984,2022-Q1,2022-03-31,TotalAssets,1589441000000,10-Q,USD
5,Goldman Sachs,The,886982,United States,NYSE,223680937984,2022-Q2,2022-06-30,TotalAssets,1601224000000,10-Q,USD
5,Goldman Sachs,The,886982,United States,NYSE,223680937984,2022-Q2,2022-06-30,TotalAssets,1601224000000,10-Q,USD
5,Goldman Sachs,The,886982,United States,NYSE,223680937984,2022-Q3,2022-09-30,TotalAssets,1555994000000,10-Q,USD
5,Goldman Sachs,The,886982,United States,NYSE,223680937984,2022-Q4,2022-12-31,TotalAssets,1441799000000,10-K,USD
5,Goldman Sachs,The,886982,United States,NYSE,223680937984,2022-Q4,2022-12-31,TotalAssets,1441799000000,10-Q,USD
5,Goldman Sachs,The,886982,United States,NYSE,223680937984,2022-Q4,2022-12-31,TotalAssets,1441799000000,10-Q,USD
5,Goldman Sachs,The,886982,United States,NYSE,223680937984,2022-Q4,2022-12-31,TotalAssets,1441799000000,10-Q,USD
5,Goldman Sachs,The,886982,United States,NYSE,223680937984,2022-Q4,2022-12-31,TotalAssets,1441799000000,10-K,USD
5,Goldman Sachs,The,886982,United States,NYSE,223680937984,2023-Q1,2023-03-31,TotalAssets,1538349000000,10-Q,USD
5,Goldman Sachs,The,886982,United States,NYSE,223680937984,2023-Q1,2023-03-31,TotalAssets,1538349000000,10-Q,USD
5,Goldman Sachs,The,886982,United States,NYSE,223680937984,2023-Q2,2023-06-30,TotalAssets,1571386000000,10-Q,USD
5,Goldman Sachs,The,886982,United States,NYSE,223680937984,2023-Q2,2023-06-30,TotalAssets,1571386000000,10-Q,USD
5,Goldman Sachs,The,886982,United States,NYSE,223680937984,2023-Q3,2023-09-30,TotalAssets,1577153000000,10-Q,USD
5,Goldman Sachs,The,886982,United States,NYSE,223680937984,2023-Q4,2023-12-31,TotalAssets,1641594000000,10-K,USD
5,Goldman Sachs,The,886982,United States,NYSE,223680937984,2023-Q4,2023-12-31,TotalAssets,1641594000000,10-Q,USD
5,Goldman Sachs,The,886982,United States,NYSE,223680937984,2023-Q4,2023-12-31,TotalAssets,1641594000000,10-Q,USD
5,Goldman Sachs,The,886982,United States,NYSE,223680937984,2023-Q4,2023-12-31,TotalAssets,1641594000000,10-Q,USD
5,Goldman Sachs,The,886982,United States,NYSE,223680937984,2023-Q4,2023-12-31,TotalAssets,1641594000000,10-K,USD
5,Goldman Sachs,The,886982,United States,NYSE,223680937984,2024-Q1,2024-03-31,TotalAssets,1698440000000,10-Q,USD
5,Goldman Sachs,The,886982,United States,NYSE,223680937984,2024-Q1,2024-03-31,TotalAssets,1698440000000,10-Q,USD
5,Goldman Sachs,The,886982,United States,NYSE,223680937984,2024-Q2,2024-06-30,TotalAssets,1653313000000,10-Q,USD
5,Goldman Sachs,The,886982,United States,NYSE,223680937984,2024-Q2,2024-06-30,TotalAssets,1653313000000,10-Q,USD
5,Goldman Sachs,The,886982,United States,NYSE,223680937984,2024-Q3,2024-09-30,TotalAssets,1728080000000,10-Q,USD
5,Goldman Sachs,The,886982,United States,NYSE,223680937984,2024-Q4,2024-12-31,TotalAssets,1675972000000,10-K,USD
5,Goldman Sachs,The,886982,United States,NYSE,223680937984,2024-Q4,2024-12-31,TotalAssets,1675972000000,10-Q,USD
5,Goldman Sachs,The,886982,United States,NYSE,223680937984,2025-Q1,2025-03-31,TotalAssets,1766181000000,10-Q,USD
5,Goldman Sachs,The,886982,United States,NYSE,223680937984,2022-Q1,2022-03-31,Deposits,386808000000,10-Q,USD
5,Goldman Sachs,The,886982,United States,NYSE,223680937984,2022-Q2,2022-06-30,Deposits,391326000000,10-Q,USD
5,Goldman Sachs,The,886982,United States,NYSE,223680937984,2022-Q3,2022-09-30,Deposits,394733000000,10-Q,USD
5,Goldman Sachs,The,886982,United States,NYSE,223680937984,2022-Q4,2022-12-31,Deposits,386665000000,10-K,USD
5,Goldman Sachs,The,886982,United States,NYSE,223680937984,2022-Q4,2022-12-31,Deposits,386665000000,10-Q,USD
5,Goldman Sachs,The,886982,United States,NYSE,223680937984,2022-Q4,2022-12-31,Deposits,386665000000,10-Q,USD
5,Goldman Sachs,The,886982,United States,NYSE,223680937984,2022-Q4,2022-12-31,Deposits,386665000000,10-Q,USD
5,Goldman Sachs,The,886982,United States,NYSE,223680937984,2022-Q4,2022-12-31,Deposits,386665000000,10-K,USD
5,Goldman Sachs,The,886982,United States,NYSE,223680937984,2023-Q1,2023-03-31,Deposits,375531000000,10-Q,USD
5,Goldman Sachs,The,886982,United States,NYSE,223680937984,2023-Q2,2023-06-30,Deposits,398853000000,10-Q,USD
5,Goldman Sachs,The,886982,United States,NYSE,223680937984,2023-Q3,2023-09-30,Deposits,402962000000,10-Q,USD
5,Goldman Sachs,The,886982,United States,NYSE,223680937984,2023-Q4,2023-12-31,Deposits,428417000000,10-K,USD
5,Goldman Sachs,The,886982,United States,NYSE,223680937984,2023-Q4,2023-12-31,Deposits,428417000000,10-Q,USD
5,Goldman Sachs,The,886982,United States,NYSE,223680937984,2023-Q4,2023-12-31,Deposits,428417000000,10-Q,USD
5,Goldman Sachs,The,886982,United States,NYSE,223680937984,2023-Q4,2023-12-31,Deposits,428417000000,10-Q,USD
5,Goldman Sachs,The,886982,United States,NYSE,223680937984,2023-Q4,2023-12-31,Deposits,428417000000,10-K,USD
5,Goldman Sachs,The,886982,United States,NYSE,223680937984,2024-Q1,2024-03-31,Deposits,440662000000,10-Q,USD
5,Goldman Sachs,The,886982,United States,NYSE,223680937984,2024-Q2,2024-06-30,Deposits,433105000000,10-Q,USD
5,Goldman Sachs,The,886982,United States,NYSE,223680937984,2024-Q3,2024-09-30,Deposits,445311000000,10-Q,USD
5,Goldman Sachs,The,886982,United States,NYSE,223680937984,2024-Q4,2024-12-31,Deposits,433013000000,10-K,USD
5,Goldman Sachs,The,886982,United States,NYSE,223680937984,2024-Q4,2024-12-31,Deposits,433013000000,10-Q,USD
5,Goldman Sachs,The,886982,United States,NYSE,223680937984,2025-Q1,2025-03-31,Deposits,471134000000,10-Q,USD
6,Citigroup,Citigroup,831001,United States,NYSE,176855252992,2022-Q1,2022-03-31,NetIncome,4306000000,10-Q,USD
6,Citigroup,Citigroup,831001,United States,NYSE,176855252992,2022-Q1,2022-03-31,NetIncome,4306000000,10-Q,USD
6,Citigroup,Citigroup,831001,United States,NYSE,176855252992,2022-Q2,2022-06-30,NetIncome,8853000000,10-Q,USD
6,Citigroup,Citigroup,831001,United States,NYSE,176855252992,2022-Q2,2022-06-30,NetIncome,8853000000,10-Q,USD
6,Citigroup,Citigroup,831001,United States,NYSE,176855252992,2022-Q2,2022-06-30,NetIncome,4547000000,10-Q,USD
6,Citigroup,Citigroup,831001,United States,NYSE,176855252992,2022-Q2,2022-06-30,NetIncome,4547000000,10-Q,USD
6,Citigroup,Citigroup,831001,United States,NYSE,176855252992,2022-Q3,2022-09-30,NetIncome,12332000000,10-Q,USD
6,Citigroup,Citigroup,831001,United States,NYSE,176855252992,2022-Q3,2022-09-30,NetIncome,12332000000,10-Q,USD
6,Citigroup,Citigroup,831001,United States,NYSE,176855252992,2022-Q3,2022-09-30,NetIncome,3479000000,10-Q,USD
6,Citigroup,Citigroup,831001,United States,NYSE,176855252992,2022-Q3,2022-09-30,NetIncome,3479000000,10-Q,USD
6,Citigroup,Citigroup,831001,United States,NYSE,176855252992,2022-Q4,2022-12-31,NetIncome,14845000000,10-K,USD
6,Citigroup,Citigroup,831001,United States,NYSE,176855252992,2022-Q4,2022-12-31,NetIncome,14845000000,10-K,USD
6,Citigroup,Citigroup,831001,United States,NYSE,176855252992,2022-Q4,2022-12-31,NetIncome,14845000000,10-K,USD
6,Citigroup,Citigroup,831001,United States,NYSE,176855252992,2023-Q1,2023-03-31,NetIncome,4606000000,10-Q,USD
6,Citigroup,Citigroup,831001,United States,NYSE,176855252992,2023-Q1,2023-03-31,NetIncome,4606000000,10-Q,USD
6,Citigroup,Citigroup,831001,United States,NYSE,176855252992,2023-Q2,2023-06-30,NetIncome,7521000000,10-Q,USD
6,Citigroup,Citigroup,831001,United States,NYSE,176855252992,2023-Q2,2023-06-30,NetIncome,7521000000,10-Q,USD
6,Citigroup,Citigroup,831001,United States,NYSE,176855252992,2023-Q2,2023-06-30,NetIncome,2915000000,10-Q,USD
6,Citigroup,Citigroup,831001,United States,NYSE,176855252992,2023-Q2,2023-06-30,NetIncome,2915000000,10-Q,USD
6,Citigroup,Citigroup,831001,United States,NYSE,176855252992,2023-Q3,2023-09-30,NetIncome,11067000000,10-Q,USD
6,Citigroup,Citigroup,831001,United States,NYSE,176855252992,2023-Q3,2023-09-30,NetIncome,11067000000,10-Q,USD
6,Citigroup,Citigroup,831001,United States,NYSE,176855252992,2023-Q3,2023-09-30,NetIncome,3546000000,10-Q,USD
6,Citigroup,Citigroup,831001,United States,NYSE,176855252992,2023-Q3,2023-09-30,NetIncome,3546000000,10-Q,USD
6,Citigroup,Citigroup,831001,United States,NYSE,176855252992,2023-Q4,2023-12-31,NetIncome,9228000000,10-K,USD
6,Citigroup,Citigroup,831001,United States,NYSE,176855252992,2023-Q4,2023-12-31,NetIncome,9228000000,10-K,USD
6,Citigroup,Citigroup,831001,United States,NYSE,176855252992,2024-Q1,2024-03-31,NetIncome,3371000000,10-Q,USD
6,Citigroup,Citigroup,831001,United States,NYSE,176855252992,2024-Q1,2024-03-31,NetIncome,3371000000,10-Q,USD
6,Citigroup,Citigroup,831001,United States,NYSE,176855252992,2024-Q2,2024-06-30,NetIncome,6588000000,10-Q,USD
6,Citigroup,Citigroup,831001,United States,NYSE,176855252992,2024-Q2,2024-06-30,NetIncome,3217000000,10-Q,USD
6,Citigroup,Citigroup,831001,United States,NYSE,176855252992,2024-Q3,2024-09-30,NetIncome,9826000000,10-Q,USD
6,Citigroup,Citigroup,831001,United States,NYSE,176855252992,2024-Q3,2024-09-30,NetIncome,3238000000,10-Q,USD
6,Citigroup,Citigroup,831001,United States,NYSE,176855252992,2024-Q4,2024-12-31,NetIncome,12682000000,10-K,USD
6,Citigroup,Citigroup,831001,United States,NYSE,176855252992,2025-Q1,2025-03-31,NetIncome,4064000000,10-Q,USD
6,Citigroup,Citigroup,831001,United States,NYSE,176855252992,2022-Q1,2022-03-31,TotalAssets,2394105000000,10-Q,USD
6,Citigroup,Citigroup,831001,United States,NYSE,176855252992,2022-Q2,2022-06-30,TotalAssets,2380904000000,10-Q,USD
6,Citigroup,Citigroup,831001,United States,NYSE,176855252992,2022-Q3,2022-09-30,TotalAssets,2381064000000,10-Q,USD
6,Citigroup,Citigroup,831001,United States,NYSE,176855252992,2022-Q4,2022-12-31,TotalAssets,2416676000000,10-K,USD
6,Citigroup,Citigroup,831001,United States,NYSE,176855252992,2022-Q4,2022-12-31,TotalAssets,2416676000000,10-Q,USD
6,Citigroup,Citigroup,831001,United States,NYSE,176855252992,2022-Q4,2022-12-31,TotalAssets,2416676000000,10-Q,USD
6,Citigroup,Citigroup,831001,United States,NYSE,176855252992,2022-Q4,2022-12-31,TotalAssets,2416676000000,10-Q,USD
6,Citigroup,Citigroup,831001,United States,NYSE,176855252992,2022-Q4,2022-12-31,TotalAssets,2416676000000,10-K,USD
6,Citigroup,Citigroup,831001,United States,NYSE,176855252992,2022-Q4,2022-12-31,TotalAssets,2417000000000,10-K,USD
6,Citigroup,Citigroup,831001,United States,NYSE,176855252992,2023-Q1,2023-03-31,TotalAssets,2455113000000,10-Q,USD
6,Citigroup,Citigroup,831001,United States,NYSE,176855252992,2023-Q2,2023-06-30,TotalAssets,2423675000000,10-Q,USD
6,Citigroup,Citigroup,831001,United States,NYSE,176855252992,2023-Q3,2023-09-30,TotalAssets,2368477000000,10-Q,USD
6,Citigroup,Citigroup,831001,United States,NYSE,176855252992,2023-Q4,2023-12-31,TotalAssets,2411834000000,10-K,USD
6,Citigroup,Citigroup,831001,United States,NYSE,176855252992,2023-Q4,2023-12-31,TotalAssets,2411834000000,10-Q,USD
6,Citigroup,Citigroup,831001,United States,NYSE,176855252992,2023-Q4,2023-12-31,TotalAssets,2411834000000,10-Q,USD
6,Citigroup,Citigroup,831001,United States,NYSE,176855252992,2023-Q4,2023-12-31,TotalAssets,2411834000000,10-Q,USD
6,Citigroup,Citigroup,831001,United States,NYSE,176855252992,2023-Q4,2023-12-31,TotalAssets,2411834000000,10-K,USD
6,Citigroup,Citigroup,831001,United States,NYSE,176855252992,2024-Q1,2024-03-31,TotalAssets,2432510000000,10-Q,USD
6,Citigroup,Citigroup,831001,United States,NYSE,176855252992,2024-Q2,2024-06-30,TotalAssets,2405686000000,10-Q,USD
6,Citigroup,Citigroup,831001,United States,NYSE,176855252992,2024-Q3,2024-09-30,TotalAssets,2430663000000,10-Q,USD
6,Citigroup,Citigroup,831001,United States,NYSE,176855252992,2024-Q4,2024-12-31,TotalAssets,2352945000000,10-K,USD
6,Citigroup,Citigroup,831001,United States,NYSE,176855252992,2024-Q4,2024-12-31,TotalAssets,2352945000000,10-Q,USD
6,Citigroup,Citigroup,831001,United States,NYSE,176855252992,2025-Q1,2025-03-31,TotalAssets,2571514000000,10-Q,USD
6,Citigroup,Citigroup,831001,United States,NYSE,176855252992,2022-Q1,2022-03-31,Deposits,1333711000000,10-Q,USD
6,Citigroup,Citigroup,831001,United States,NYSE,176855252992,2022-Q2,2022-06-30,Deposits,1321848000000,10-Q,USD
6,Citigroup,Citigroup,831001,United States,NYSE,176855252992,2022-Q3,2022-09-30,Deposits,1306486000000,10-Q,USD
6,Citigroup,Citigroup,831001,United States,NYSE,176855252992,2022-Q4,2022-12-31,Deposits,1365954000000,10-K,USD
6,Citigroup,Citigroup,831001,United States,NYSE,176855252992,2022-Q4,2022-12-31,Deposits,1365954000000,10-Q,USD
6,Citigroup,Citigroup,831001,United States,NYSE,176855252992,2022-Q4,2022-12-31,Deposits,1365954000000,10-Q,USD
6,Citigroup,Citigroup,831001,United States,NYSE,176855252992,2022-Q4,2022-12-31,Deposits,1365954000000,10-Q,USD
6,Citigroup,Citigroup,831001,United States,NYSE,176855252992,2022-Q4,2022-12-31,Deposits,1365954000000,10-K,USD
6,Citigroup,Citigroup,831001,United States,NYSE,176855252992,2023-Q1,2023-03-31,Deposits,1330459000000,10-Q,USD
6,Citigroup,Citigroup,831001,United States,NYSE,176855252992,2023-Q2,2023-06-30,Deposits,1319867000000,10-Q,USD
6,Citigroup,Citigroup,831001,United States,NYSE,176855252992,2023-Q3,2023-09-30,Deposits,1273506000000,10-Q,USD
6,Citigroup,Citigroup,831001,United States,NYSE,176855252992,2023-Q4,2023-12-31,Deposits,1308681000000,10-K,USD
6,Citigroup,Citigroup,831001,United States,NYSE,176855252992,2023-Q4,2023-12-31,Deposits,1308681000000,10-Q,USD
6,Citigroup,Citigroup,831001,United States,NYSE,176855252992,2023-Q4,2023-12-31,Deposits,1308681000000,10-Q,USD
6,Citigroup,Citigroup,831001,United States,NYSE,176855252992,2023-Q4,2023-12-31,Deposits,1308681000000,10-Q,USD
6,Citigroup,Citigroup,831001,United States,NYSE,176855252992,2023-Q4,2023-12-31,Deposits,1308681000000,10-K,USD
6,Citigroup,Citigroup,831001,United States,NYSE,176855252992,2024-Q1,2024-03-31,Deposits,1307163000000,10-Q,USD
6,Citigroup,Citigroup,831001,United States,NYSE,176855252992,2024-Q2,2024-06-30,Deposits,1278137000000,10-Q,USD
6,Citigroup,Citigroup,831001,United States,NYSE,176855252992,2024-Q3,2024-09-30,Deposits,1309999000000,10-Q,USD
6,Citigroup,Citigroup,831001,United States,NYSE,176855252992,2024-Q4,2024-12-31,Deposits,1284458000000,10-K,USD
6,Citigroup,Citigroup,831001,United States,NYSE,176855252992,2024-Q4,2024-12-31,Deposits,1284458000000,10-Q,USD
6,Citigroup,Citigroup,831001,United States,NYSE,176855252992,2025-Q1,2025-03-31,Deposits,1316410000000,10-Q,USD
7,Charles Schwab,SCHWAB,316709,United States,NYSE,176355098624,2022-Q1,2022-03-31,NetIncome,1402000000,10-Q,USD
7,Charles Schwab,SCHWAB,316709,United States,NYSE,176355098624,2022-Q1,2022-03-31,NetIncome,1402000000,10-Q,USD
7,Charles Schwab,SCHWAB,316709,United States,NYSE,176355098624,2022-Q2,2022-06-30,NetIncome,3195000000,10-Q,USD
7,Charles Schwab,SCHWAB,316709,United States,NYSE,176355098624,2022-Q2,2022-06-30,NetIncome,3195000000,10-Q,USD
7,Charles Schwab,SCHWAB,316709,United States,NYSE,176355098624,2022-Q2,2022-06-30,NetIncome,1793000000,10-Q,USD
7,Charles Schwab,SCHWAB,316709,United States,NYSE,176355098624,2022-Q2,2022-06-30,NetIncome,1793000000,10-Q,USD
7,Charles Schwab,SCHWAB,316709,United States,NYSE,176355098624,2022-Q3,2022-09-30,NetIncome,5215000000,10-Q,USD
7,Charles Schwab,SCHWAB,316709,United States,NYSE,176355098624,2022-Q3,2022-09-30,NetIncome,5215000000,10-Q,USD
7,Charles Schwab,SCHWAB,316709,United States,NYSE,176355098624,2022-Q3,2022-09-30,NetIncome,2020000000,10-Q,USD
7,Charles Schwab,SCHWAB,316709,United States,NYSE,176355098624,2022-Q3,2022-09-30,NetIncome,2020000000,10-Q,USD
7,Charles Schwab,SCHWAB,316709,United States,NYSE,176355098624,2022-Q4,2022-12-31,NetIncome,7183000000,10-K,USD
7,Charles Schwab,SCHWAB,316709,United States,NYSE,176355098624,2022-Q4,2022-12-31,NetIncome,7183000000,10-K,USD
7,Charles Schwab,SCHWAB,316709,United States,NYSE,176355098624,2022-Q4,2022-12-31,NetIncome,7183000000,10-K,USD
7,Charles Schwab,SCHWAB,316709,United States,NYSE,176355098624,2023-Q1,2023-03-31,NetIncome,1603000000,10-Q,USD
7,Charles Schwab,SCHWAB,316709,United States,NYSE,176355098624,2023-Q1,2023-03-31,NetIncome,1603000000,10-Q,USD
7,Charles Schwab,SCHWAB,316709,United States,NYSE,176355098624,2023-Q2,2023-06-30,NetIncome,2897000000,10-Q,USD
7,Charles Schwab,SCHWAB,316709,United States,NYSE,176355098624,2023-Q2,2023-06-30,NetIncome,2897000000,10-Q,USD
7,Charles Schwab,SCHWAB,316709,United States,NYSE,176355098624,2023-Q2,2023-06-30,NetIncome,1294000000,10-Q,USD
7,Charles Schwab,SCHWAB,316709,United States,NYSE,176355098624,2023-Q2,2023-06-30,NetIncome,1294000000,10-Q,USD
7,Charles Schwab,SCHWAB,316709,United States,NYSE,176355098624,2023-Q3,2023-09-30,NetIncome,4022000000,10-Q,USD
7,Charles Schwab,SCHWAB,316709,United States,NYSE,176355098624,2023-Q3,2023-09-30,NetIncome,4022000000,10-Q,USD
7,Charles Schwab,SCHWAB,316709,United States,NYSE,176355098624,2023-Q3,2023-09-30,NetIncome,1125000000,10-Q,USD
7,Charles Schwab,SCHWAB,316709,United States,NYSE,176355098624,2023-Q3,2023-09-30,NetIncome,1125000000,10-Q,USD
7,Charles Schwab,SCHWAB,316709,United States,NYSE,176355098624,2023-Q4,2023-12-31,NetIncome,5067000000,10-K,USD
7,Charles Schwab,SCHWAB,316709,United States,NYSE,176355098624,2023-Q4,2023-12-31,NetIncome,5067000000,10-K,USD
7,Charles Schwab,SCHWAB,316709,United States,NYSE,176355098624,2024-Q1,2024-03-31,NetIncome,1362000000,10-Q,USD
7,Charles Schwab,SCHWAB,316709,United States,NYSE,176355098624,2024-Q1,2024-03-31,NetIncome,1362000000,10-Q,USD
7,Charles Schwab,SCHWAB,316709,United States,NYSE,176355098624,2024-Q2,2024-06-30,NetIncome,2694000000,10-Q,USD
7,Charles Schwab,SCHWAB,316709,United States,NYSE,176355098624,2024-Q2,2024-06-30,NetIncome,1332000000,10-Q,USD
7,Charles Schwab,SCHWAB,316709,United States,NYSE,176355098624,2024-Q3,2024-09-30,NetIncome,4102000000,10-Q,USD
7,Charles Schwab,SCHWAB,316709,United States,NYSE,176355098624,2024-Q3,2024-09-30,NetIncome,1408000000,10-Q,USD
7,Charles Schwab,SCHWAB,316709,United States,NYSE,176355098624,2024-Q4,2024-12-31,NetIncome,5942000000,10-K,USD
7,Charles Schwab,SCHWAB,316709,United States,NYSE,176355098624,2025-Q1,2025-03-31,NetIncome,1909000000,10-Q,USD
7,Charles Schwab,SCHWAB,316709,United States,NYSE,176355098624,2022-Q1,2022-03-31,TotalAssets,680950000000,10-Q,USD
7,Charles Schwab,SCHWAB,316709,United States,NYSE,176355098624,2022-Q2,2022-06-30,TotalAssets,637557000000,10-Q,USD
7,Charles Schwab,SCHWAB,316709,United States,NYSE,176355098624,2022-Q3,2022-09-30,TotalAssets,577563000000,10-Q,USD
7,Charles Schwab,SCHWAB,316709,United States,NYSE,176355098624,2022-Q4,2022-12-31,TotalAssets,551772000000,10-K,USD
7,Charles Schwab,SCHWAB,316709,United States,NYSE,176355098624,2022-Q4,2022-12-31,TotalAssets,551772000000,10-Q,USD
7,Charles Schwab,SCHWAB,316709,United States,NYSE,176355098624,2022-Q4,2022-12-31,TotalAssets,551772000000,10-Q,USD
7,Charles Schwab,SCHWAB,316709,United States,NYSE,176355098624,2022-Q4,2022-12-31,TotalAssets,551772000000,10-Q,USD
7,Charles Schwab,SCHWAB,316709,United States,NYSE,176355098624,2022-Q4,2022-12-31,TotalAssets,551772000000,10-K,USD
7,Charles Schwab,SCHWAB,316709,United States,NYSE,176355098624,2023-Q1,2023-03-31,TotalAssets,535552000000,10-Q,USD
7,Charles Schwab,SCHWAB,316709,United States,NYSE,176355098624,2023-Q2,2023-06-30,TotalAssets,511505000000,10-Q,USD
7,Charles Schwab,SCHWAB,316709,United States,NYSE,176355098624,2023-Q3,2023-09-30,TotalAssets,475204000000,10-Q,USD
7,Charles Schwab,SCHWAB,316709,United States,NYSE,176355098624,2023-Q4,2023-12-31,TotalAssets,493178000000,10-K,USD
7,Charles Schwab,SCHWAB,316709,United States,NYSE,176355098624,2023-Q4,2023-12-31,TotalAssets,493178000000,10-Q,USD
7,Charles Schwab,SCHWAB,316709,United States,NYSE,176355098624,2023-Q4,2023-12-31,TotalAssets,493178000000,10-Q,USD
7,Charles Schwab,SCHWAB,316709,United States,NYSE,176355098624,2023-Q4,2023-12-31,TotalAssets,493178000000,10-Q,USD
7,Charles Schwab,SCHWAB,316709,United States,NYSE,176355098624,2023-Q4,2023-12-31,TotalAssets,493178000000,10-K,USD
7,Charles Schwab,SCHWAB,316709,United States,NYSE,176355098624,2024-Q1,2024-03-31,TotalAssets,468784000000,10-Q,USD
7,Charles Schwab,SCHWAB,316709,United States,NYSE,176355098624,2024-Q2,2024-06-30,TotalAssets,449675000000,10-Q,USD
7,Charles Schwab,SCHWAB,316709,United States,NYSE,176355098624,2024-Q3,2024-09-30,TotalAssets,466055000000,10-Q,USD
7,Charles Schwab,SCHWAB,316709,United States,NYSE,176355098624,2024-Q4,2024-12-31,TotalAssets,479843000000,10-K,USD
7,Charles Schwab,SCHWAB,316709,United States,NYSE,176355098624,2024-Q4,2024-12-31,TotalAssets,479843000000,10-Q,USD
7,Charles Schwab,SCHWAB,316709,United States,NYSE,176355098624,2025-Q1,2025-03-31,TotalAssets,462903000000,10-Q,USD
7,Charles Schwab,SCHWAB,316709,United States,NYSE,176355098624,2022-Q1,2022-03-31,Deposits,465827000000,10-Q,USD
7,Charles Schwab,SCHWAB,316709,United States,NYSE,176355098624,2022-Q2,2022-06-30,Deposits,442003000000,10-Q,USD
7,Charles Schwab,SCHWAB,316709,United States,NYSE,176355098624,2022-Q3,2022-09-30,Deposits,395715000000,10-Q,USD
7,Charles Schwab,SCHWAB,316709,United States,NYSE,176355098624,2022-Q4,2022-12-31,Deposits,366724000000,10-K,USD
7,Charles Schwab,SCHWAB,316709,United States,NYSE,176355098624,2022-Q4,2022-12-31,Deposits,366724000000,10-Q,USD
7,Charles Schwab,SCHWAB,316709,United States,NYSE,176355098624,2022-Q4,2022-12-31,Deposits,366724000000,10-Q,USD
7,Charles Schwab,SCHWAB,316709,United States,NYSE,176355098624,2022-Q4,2022-12-31,Deposits,366724000000,10-Q,USD
7,Charles Schwab,SCHWAB,316709,United States,NYSE,176355098624,2022-Q4,2022-12-31,Deposits,366724000000,10-K,USD
7,Charles Schwab,SCHWAB,316709,United States,NYSE,176355098624,2023-Q1,2023-03-31,Deposits,325745000000,10-Q,USD
7,Charles Schwab,SCHWAB,316709,United States,NYSE,176355098624,2023-Q2,2023-06-30,Deposits,304414000000,10-Q,USD
7,Charles Schwab,SCHWAB,316709,United States,NYSE,176355098624,2023-Q3,2023-09-30,Deposits,284408000000,10-Q,USD
7,Charles Schwab,SCHWAB,316709,United States,NYSE,176355098624,2023-Q4,2023-12-31,Deposits,289953000000,10-K,USD
7,Charles Schwab,SCHWAB,316709,United States,NYSE,176355098624,2023-Q4,2023-12-31,Deposits,289953000000,10-Q,USD
7,Charles Schwab,SCHWAB,316709,United States,NYSE,176355098624,2023-Q4,2023-12-31,Deposits,289953000000,10-Q,USD
7,Charles Schwab,SCHWAB,316709,United States,NYSE,176355098624,2023-Q4,2023-12-31,Deposits,289953000000,10-Q,USD
7,Charles Schwab,SCHWAB,316709,United States,NYSE,176355098624,2023-Q4,2023-12-31,Deposits,289953000000,10-K,USD
7,Charles Schwab,SCHWAB,316709,United States,NYSE,176355098624,2024-Q1,2024-03-31,Deposits,269460000000,10-Q,USD
7,Charles Schwab,SCHWAB,316709,United States,NYSE,176355098624,2024-Q2,2024-06-30,Deposits,252420000000,10-Q,USD
7,Charles Schwab,SCHWAB,316709,United States,NYSE,176355098624,2024-Q3,2024-09-30,Deposits,246462000000,10-Q,USD
7,Charles Schwab,SCHWAB,316709,United States,NYSE,176355098624,2024-Q4,2024-12-31,Deposits,259121000000,10-K,USD
7,Charles Schwab,SCHWAB,316709,United States,NYSE,176355098624,2024-Q4,2024-12-31,Deposits,259121000000,10-Q,USD
7,Charles Schwab,SCHWAB,316709,United States,NYSE,176355098624,2025-Q1,2025-03-31,Deposits,246160000000,10-Q,USD
8,Capital One,CAPITAL,927628,United States,NYSE,136117583872,2022-Q1,2022-03-31,NetIncome,2403000000,10-Q,USD
8,Capital One,CAPITAL,927628,United States,NYSE,136117583872,2022-Q1,2022-03-31,NetIncome,2403000000,10-Q,USD
8,Capital One,CAPITAL,927628,United States,NYSE,136117583872,2022-Q2,2022-06-30,NetIncome,4434000000,10-Q,USD
8,Capital One,CAPITAL,927628,United States,NYSE,136117583872,2022-Q2,2022-06-30,NetIncome,4434000000,10-Q,USD
8,Capital One,CAPITAL,927628,United States,NYSE,136117583872,2022-Q2,2022-06-30,NetIncome,2031000000,10-Q,USD
8,Capital One,CAPITAL,927628,United States,NYSE,136117583872,2022-Q2,2022-06-30,NetIncome,2031000000,10-Q,USD
8,Capital One,CAPITAL,927628,United States,NYSE,136117583872,2022-Q3,2022-09-30,NetIncome,6128000000,10-Q,USD
8,Capital One,CAPITAL,927628,United States,NYSE,136117583872,2022-Q3,2022-09-30,NetIncome,6128000000,10-Q,USD
8,Capital One,CAPITAL,927628,United States,NYSE,136117583872,2022-Q3,2022-09-30,NetIncome,1694000000,10-Q,USD
8,Capital One,CAPITAL,927628,United States,NYSE,136117583872,2022-Q3,2022-09-30,NetIncome,1694000000,10-Q,USD
8,Capital One,CAPITAL,927628,United States,NYSE,136117583872,2022-Q4,2022-12-31,NetIncome,7360000000,10-K,USD
8,Capital One,CAPITAL,927628,United States,NYSE,136117583872,2022-Q4,2022-12-31,NetIncome,7360000000,10-K,USD
8,Capital One,CAPITAL,927628,United States,NYSE,136117583872,2022-Q4,2022-12-31,NetIncome,7360000000,10-K,USD
8,Capital One,CAPITAL,927628,United States,NYSE,136117583872,2023-Q1,2023-03-31,NetIncome,960000000,10-Q,USD
8,Capital One,CAPITAL,927628,United States,NYSE,136117583872,2023-Q1,2023-03-31,NetIncome,960000000,10-Q,USD
8,Capital One,CAPITAL,927628,United States,NYSE,136117583872,2023-Q2,2023-06-30,NetIncome,2391000000,10-Q,USD
8,Capital One,CAPITAL,927628,United States,NYSE,136117583872,2023-Q2,2023-06-30,NetIncome,2391000000,10-Q,USD
8,Capital One,CAPITAL,927628,United States,NYSE,136117583872,2023-Q2,2023-06-30,NetIncome,1431000000,10-Q,USD
8,Capital One,CAPITAL,927628,United States,NYSE,136117583872,2023-Q2,2023-06-30,NetIncome,1431000000,10-Q,USD
8,Capital One,CAPITAL,927628,United States,NYSE,136117583872,2023-Q3,2023-09-30,NetIncome,4181000000,10-Q,USD
8,Capital One,CAPITAL,927628,United States,NYSE,136117583872,2023-Q3,2023-09-30,NetIncome,4181000000,10-Q,USD
8,Capital One,CAPITAL,927628,United States,NYSE,136117583872,2023-Q3,2023-09-30,NetIncome,1790000000,10-Q,USD
8,Capital One,CAPITAL,927628,United States,NYSE,136117583872,2023-Q3,2023-09-30,NetIncome,1790000000,10-Q,USD
8,Capital One,CAPITAL,927628,United States,NYSE,136117583872,2023-Q4,2023-12-31,NetIncome,4887000000,10-K,USD
8,Capital One,CAPITAL,927628,United States,NYSE,136117583872,2023-Q4,2023-12-31,NetIncome,4887000000,10-K,USD
8,Capital One,CAPITAL,927628,United States,NYSE,136117583872,2024-Q1,2024-03-31,NetIncome,1280000000,10-Q,USD
8,Capital One,CAPITAL,927628,United States,NYSE,136117583872,2024-Q1,2024-03-31,NetIncome,1280000000,10-Q,USD
8,Capital One,CAPITAL,927628,United States,NYSE,136117583872,2024-Q2,2024-06-30,NetIncome,1877000000,10-Q,USD
8,Capital One,CAPITAL,927628,United States,NYSE,136117583872,2024-Q2,2024-06-30,NetIncome,597000000,10-Q,USD
8,Capital One,CAPITAL,927628,United States,NYSE,136117583872,2024-Q3,2024-09-30,NetIncome,3654000000,10-Q,USD
8,Capital One,CAPITAL,927628,United States,NYSE,136117583872,2024-Q3,2024-09-30,NetIncome,1777000000,10-Q,USD
8,Capital One,CAPITAL,927628,United States,NYSE,136117583872,2024-Q4,2024-12-31,NetIncome,4750000000,10-K,USD
8,Capital One,CAPITAL,927628,United States,NYSE,136117583872,2025-Q1,2025-03-31,NetIncome,1404000000,10-Q,USD
8,Capital One,CAPITAL,927628,United States,NYSE,136117583872,2022-Q1,2022-03-31,TotalAssets,434195000000,10-Q,USD
8,Capital One,CAPITAL,927628,United States,NYSE,136117583872,2022-Q2,2022-06-30,TotalAssets,440288000000,10-Q,USD
8,Capital One,CAPITAL,927628,United States,NYSE,136117583872,2022-Q3,2022-09-30,TotalAssets,444232000000,10-Q,USD
8,Capital One,CAPITAL,927628,United States,NYSE,136117583872,2022-Q4,2022-12-31,TotalAssets,455249000000,10-K,USD
8,Capital One,CAPITAL,927628,United States,NYSE,136117583872,2022-Q4,2022-12-31,TotalAssets,455249000000,10-Q,USD
8,Capital One,CAPITAL,927628,United States,NYSE,136117583872,2022-Q4,2022-12-31,TotalAssets,455249000000,10-Q,USD
8,Capital One,CAPITAL,927628,United States,NYSE,136117583872,2022-Q4,2022-12-31,TotalAssets,455249000000,10-Q,USD
8,Capital One,CAPITAL,927628,United States,NYSE,136117583872,2022-Q4,2022-12-31,TotalAssets,455249000000,10-K,USD
8,Capital One,CAPITAL,927628,United States,NYSE,136117583872,2023-Q1,2023-03-31,TotalAssets,471660000000,10-Q,USD
8,Capital One,CAPITAL,927628,United States,NYSE,136117583872,2023-Q2,2023-06-30,TotalAssets,467800000000,10-Q,USD
8,Capital One,CAPITAL,927628,United States,NYSE,136117583872,2023-Q3,2023-09-30,TotalAssets,471435000000,10-Q,USD
8,Capital One,CAPITAL,927628,United States,NYSE,136117583872,2023-Q4,2023-12-31,TotalAssets,478464000000,10-K,USD
8,Capital One,CAPITAL,927628,United States,NYSE,136117583872,2023-Q4,2023-12-31,TotalAssets,478464000000,10-Q,USD
8,Capital One,CAPITAL,927628,United States,NYSE,136117583872,2023-Q4,2023-12-31,TotalAssets,478464000000,10-Q,USD
8,Capital One,CAPITAL,927628,United States,NYSE,136117583872,2023-Q4,2023-12-31,TotalAssets,478464000000,10-Q,USD
8,Capital One,CAPITAL,927628,United States,NYSE,136117583872,2023-Q4,2023-12-31,TotalAssets,478464000000,10-K,USD
8,Capital One,CAPITAL,927628,United States,NYSE,136117583872,2024-Q1,2024-03-31,TotalAssets,481720000000,10-Q,USD
8,Capital One,CAPITAL,927628,United States,NYSE,136117583872,2024-Q2,2024-06-30,TotalAssets,480018000000,10-Q,USD
8,Capital One,CAPITAL,927628,United States,NYSE,136117583872,2024-Q3,2024-09-30,TotalAssets,486433000000,10-Q,USD
8,Capital One,CAPITAL,927628,United States,NYSE,136117583872,2024-Q4,2024-12-31,TotalAssets,490144000000,10-K,USD
8,Capital One,CAPITAL,927628,United States,NYSE,136117583872,2024-Q4,2024-12-31,TotalAssets,490144000000,10-Q,USD
8,Capital One,CAPITAL,927628,United States,NYSE,136117583872,2025-Q1,2025-03-31,TotalAssets,493604000000,10-Q,USD
8,Capital One,CAPITAL,927628,United States,NYSE,136117583872,2022-Q1,2022-03-31,Deposits,313429000000,10-Q,USD
8,Capital One,CAPITAL,927628,United States,NYSE,136117583872,2022-Q1,2022-03-31,Deposits,313429000000,10-Q,USD
8,Capital One,CAPITAL,927628,United States,NYSE,136117583872,2022-Q2,2022-06-30,Deposits,307885000000,10-Q,USD
8,Capital One,CAPITAL,927628,United States,NYSE,136117583872,2022-Q2,2022-06-30,Deposits,307885000000,10-Q,USD
8,Capital One,CAPITAL,927628,United States,NYSE,136117583872,2022-Q3,2022-09-30,Deposits,317193000000,10-Q,USD
8,Capital One,CAPITAL,927628,United States,NYSE,136117583872,2022-Q3,2022-09-30,Deposits,317193000000,10-Q,USD
8,Capital One,CAPITAL,927628,United States,NYSE,136117583872,2022-Q4,2022-12-31,Deposits,332992000000,10-K,USD
8,Capital One,CAPITAL,927628,United States,NYSE,136117583872,2022-Q4,2022-12-31,Deposits,332992000000,10-Q,USD
8,Capital One,CAPITAL,927628,United States,NYSE,136117583872,2022-Q4,2022-12-31,Deposits,332992000000,10-Q,USD
8,Capital One,CAPITAL,927628,United States,NYSE,136117583872,2022-Q4,2022-12-31,Deposits,332992000000,10-Q,USD
8,Capital One,CAPITAL,927628,United States,NYSE,136117583872,2022-Q4,2022-12-31,Deposits,332992000000,10-K,USD
8,Capital One,CAPITAL,927628,United States,NYSE,136117583872,2022-Q4,2022-12-31,Deposits,332992000000,10-K,USD
8,Capital One,CAPITAL,927628,United States,NYSE,136117583872,2023-Q1,2023-03-31,Deposits,349827000000,10-Q,USD
8,Capital One,CAPITAL,927628,United States,NYSE,136117583872,2023-Q1,2023-03-31,Deposits,349827000000,10-Q,USD
8,Capital One,CAPITAL,927628,United States,NYSE,136117583872,2023-Q2,2023-06-30,Deposits,343705000000,10-Q,USD
8,Capital One,CAPITAL,927628,United States,NYSE,136117583872,2023-Q2,2023-06-30,Deposits,343705000000,10-Q,USD
8,Capital One,CAPITAL,927628,United States,NYSE,136117583872,2023-Q3,2023-09-30,Deposits,346011000000,10-Q,USD
8,Capital One,CAPITAL,927628,United States,NYSE,136117583872,2023-Q3,2023-09-30,Deposits,346011000000,10-Q,USD
8,Capital One,CAPITAL,927628,United States,NYSE,136117583872,2023-Q4,2023-12-31,Deposits,348413000000,10-K,USD
8,Capital One,CAPITAL,927628,United States,NYSE,136117583872,2023-Q4,2023-12-31,Deposits,348413000000,10-Q,USD
8,Capital One,CAPITAL,927628,United States,NYSE,136117583872,2023-Q4,2023-12-31,Deposits,348413000000,10-Q,USD
8,Capital One,CAPITAL,927628,United States,NYSE,136117583872,2023-Q4,2023-12-31,Deposits,348413000000,10-Q,USD
8,Capital One,CAPITAL,927628,United States,NYSE,136117583872,2023-Q4,2023-12-31,Deposits,348413000000,10-K,USD
8,Capital One,CAPITAL,927628,United States,NYSE,136117583872,2024-Q1,2024-03-31,Deposits,350969000000,10-Q,USD
8,Capital One,CAPITAL,927628,United States,NYSE,136117583872,2024-Q1,2024-03-31,Deposits,350969000000,10-Q,USD
8,Capital One,CAPITAL,927628,United States,NYSE,136117583872,2024-Q2,2024-06-30,Deposits,351442000000,10-Q,USD
8,Capital One,CAPITAL,927628,United States,NYSE,136117583872,2024-Q3,2024-09-30,Deposits,353631000000,10-Q,USD
8,Capital One,CAPITAL,927628,United States,NYSE,136117583872,2024-Q4,2024-12-31,Deposits,362707000000,10-K,USD
8,Capital One,CAPITAL,927628,United States,NYSE,136117583872,2024-Q4,2024-12-31,Deposits,362707000000,10-Q,USD
8,Capital One,CAPITAL,927628,United States,NYSE,136117583872,2025-Q1,2025-03-31,Deposits,367464000000,10-Q,USD
9,PNC Financial Services,PNC,713676,United States,NYSE,77240950784,2022-Q1,2022-03-31,TotalAssets,541246000000,10-Q,USD
9,PNC Financial Services,PNC,713676,United States,NYSE,77240950784,2022-Q2,2022-06-30,TotalAssets,540786000000,10-Q,USD
9,PNC Financial Services,PNC,713676,United States,NYSE,77240950784,2022-Q3,2022-09-30,TotalAssets,559477000000,10-Q,USD
9,PNC Financial Services,PNC,713676,United States,NYSE,77240950784,2022-Q4,2022-12-31,TotalAssets,557263000000,10-K,USD
9,PNC Financial Services,PNC,713676,United States,NYSE,77240950784,2022-Q4,2022-12-31,TotalAssets,557263000000,10-Q,USD
9,PNC Financial Services,PNC,713676,United States,NYSE,77240950784,2022-Q4,2022-12-31,TotalAssets,557263000000,10-Q,USD
9,PNC Financial Services,PNC,713676,United States,NYSE,77240950784,2022-Q4,2022-12-31,TotalAssets,557263000000,10-Q,USD
9,PNC Financial Services,PNC,713676,United States,NYSE,77240950784,2022-Q4,2022-12-31,TotalAssets,557263000000,10-K,USD
9,PNC Financial Services,PNC,713676,United States,NYSE,77240950784,2023-Q1,2023-03-31,TotalAssets,561777000000,10-Q,USD
9,PNC Financial Services,PNC,713676,United States,NYSE,77240950784,2023-Q2,2023-06-30,TotalAssets,558207000000,10-Q,USD
9,PNC Financial Services,PNC,713676,United States,NYSE,77240950784,2023-Q3,2023-09-30,TotalAssets,557334000000,10-Q,USD
9,PNC Financial Services,PNC,713676,United States,NYSE,77240950784,2023-Q4,2023-12-31,TotalAssets,561580000000,10-K,USD
9,PNC Financial Services,PNC,713676,United States,NYSE,77240950784,2023-Q4,2023-12-31,TotalAssets,561580000000,10-Q,USD
9,PNC Financial Services,PNC,713676,United States,NYSE,77240950784,2023-Q4,2023-12-31,TotalAssets,561580000000,10-Q,USD
9,PNC Financial Services,PNC,713676,United States,NYSE,77240950784,2023-Q4,2023-12-31,TotalAssets,561580000000,10-Q,USD
9,PNC Financial Services,PNC,713676,United States,NYSE,77240950784,2023-Q4,2023-12-31,TotalAssets,561580000000,10-K,USD
9,PNC Financial Services,PNC,713676,United States,NYSE,77240950784,2024-Q1,2024-03-31,TotalAssets,566162000000,10-Q,USD
9,PNC Financial Services,PNC,713676,United States,NYSE,77240950784,2024-Q2,2024-06-30,TotalAssets,556519000000,10-Q,USD
9,PNC Financial Services,PNC,713676,United States,NYSE,77240950784,2024-Q3,2024-09-30,TotalAssets,564881000000,10-Q,USD
9,PNC Financial Services,PNC,713676,United States,NYSE,77240950784,2024-Q4,2024-12-31,TotalAssets,560038000000,10-K,USD
9,PNC Financial Services,PNC,713676,United States,NYSE,77240950784,2024-Q4,2024-12-31,TotalAssets,560038000000,10-Q,USD
9,PNC Financial Services,PNC,713676,United States,NYSE,77240950784,2025-Q1,2025-03-31,TotalAssets,554722000000,10-Q,USD
9,PNC Financial Services,PNC,713676,United States,NYSE,77240950784,2022-Q1,2022-03-31,Deposits,450197000000,10-Q,USD
9,PNC Financial Services,PNC,713676,United States,NYSE,77240950784,2022-Q2,2022-06-30,Deposits,440811000000,10-Q,USD
9,PNC Financial Services,PNC,713676,United States,NYSE,77240950784,2022-Q3,2022-09-30,Deposits,438194000000,10-Q,USD
9,PNC Financial Services,PNC,713676,United States,NYSE,77240950784,2022-Q4,2022-12-31,Deposits,436282000000,10-K,USD
9,PNC Financial Services,PNC,713676,United States,NYSE,77240950784,2022-Q4,2022-12-31,Deposits,436282000000,10-Q,USD
9,PNC Financial Services,PNC,713676,United States,NYSE,77240950784,2022-Q4,2022-12-31,Deposits,436282000000,10-Q,USD
9,PNC Financial Services,PNC,713676,United States,NYSE,77240950784,2022-Q4,2022-12-31,Deposits,436282000000,10-Q,USD
9,PNC Financial Services,PNC,713676,United States,NYSE,77240950784,2022-Q4,2022-12-31,Deposits,436282000000,10-K,USD
9,PNC Financial Services,PNC,713676,United States,NYSE,77240950784,2023-Q1,2023-03-31,Deposits,436833000000,10-Q,USD
9,PNC Financial Services,PNC,713676,United States,NYSE,77240950784,2023-Q2,2023-06-30,Deposits,427489000000,10-Q,USD
9,PNC Financial Services,PNC,713676,United States,NYSE,77240950784,2023-Q3,2023-09-30,Deposits,423609000000,10-Q,USD
9,PNC Financial Services,PNC,713676,United States,NYSE,77240950784,2023-Q4,2023-12-31,Deposits,421418000000,10-K,USD
9,PNC Financial Services,PNC,713676,United States,NYSE,77240950784,2023-Q4,2023-12-31,Deposits,421418000000,10-Q,USD
9,PNC Financial Services,PNC,713676,United States,NYSE,77240950784,2023-Q4,2023-12-31,Deposits,421418000000,10-Q,USD
9,PNC Financial Services,PNC,713676,United States,NYSE,77240950784,2023-Q4,2023-12-31,Deposits,421418000000,10-Q,USD
9,PNC Financial Services,PNC,713676,United States,NYSE,77240950784,2023-Q4,2023-12-31,Deposits,421418000000,10-K,USD
9,PNC Financial Services,PNC,713676,United States,NYSE,77240950784,2024-Q1,2024-03-31,Deposits,425624000000,10-Q,USD
9,PNC Financial Services,PNC,713676,United States,NYSE,77240950784,2024-Q2,2024-06-30,Deposits,416391000000,10-Q,USD
9,PNC Financial Services,PNC,713676,United States,NYSE,77240950784,2024-Q3,2024-09-30,Deposits,423966000000,10-Q,USD
9,PNC Financial Services,PNC,713676,United States,NYSE,77240950784,2024-Q4,2024-12-31,Deposits,426738000000,10-K,USD
9,PNC Financial Services,PNC,713676,United States,NYSE,77240950784,2024-Q4,2024-12-31,Deposits,426738000000,10-Q,USD
9,PNC Financial Services,PNC,713676,United States,NYSE,77240950784,2025-Q1,2025-03-31,Deposits,422915000000,10-Q,USD
10,U.S. Bancorp,US,36104,United States,NYSE,72167948288,2022-Q1,2022-03-31,NetIncome,1557000000,10-Q,USD
10,U.S. Bancorp,US,36104,United States,NYSE,72167948288,2022-Q1,2022-03-31,NetIncome,1557000000,10-Q,USD
10,U.S. Bancorp,US,36104,United States,NYSE,72167948288,2022-Q2,2022-06-30,NetIncome,3088000000,10-Q,USD
10,U.S. Bancorp,US,36104,United States,NYSE,72167948288,2022-Q2,2022-06-30,NetIncome,3088000000,10-Q,USD
10,U.S. Bancorp,US,36104,United States,NYSE,72167948288,2022-Q2,2022-06-30,NetIncome,1531000000,10-Q,USD
10,U.S. Bancorp,US,36104,United States,NYSE,72167948288,2022-Q2,2022-06-30,NetIncome,1531000000,10-Q,USD
10,U.S. Bancorp,US,36104,United States,NYSE,72167948288,2022-Q3,2022-09-30,NetIncome,4900000000,10-Q,USD
10,U.S. Bancorp,US,36104,United States,NYSE,72167948288,2022-Q3,2022-09-30,NetIncome,4900000000,10-Q,USD
10,U.S. Bancorp,US,36104,United States,NYSE,72167948288,2022-Q3,2022-09-30,NetIncome,1812000000,10-Q,USD
10,U.S. Bancorp,US,36104,United States,NYSE,72167948288,2022-Q3,2022-09-30,NetIncome,1812000000,10-Q,USD
10,U.S. Bancorp,US,36104,United States,NYSE,72167948288,2022-Q4,2022-12-31,NetIncome,5825000000,10-K,USD
10,U.S. Bancorp,US,36104,United States,NYSE,72167948288,2022-Q4,2022-12-31,NetIncome,5825000000,10-K,USD
10,U.S. Bancorp,US,36104,United States,NYSE,72167948288,2022-Q4,2022-12-31,NetIncome,5825000000,10-K,USD
10,U.S. Bancorp,US,36104,United States,NYSE,72167948288,2023-Q1,2023-03-31,NetIncome,1698000000,10-Q,USD
10,U.S. Bancorp,US,36104,United States,NYSE,72167948288,2023-Q1,2023-03-31,NetIncome,1698000000,10-Q,USD
10,U.S. Bancorp,US,36104,United States,NYSE,72167948288,2023-Q2,2023-06-30,NetIncome,3059000000,10-Q,USD
10,U.S. Bancorp,US,36104,United States,NYSE,72167948288,2023-Q2,2023-06-30,NetIncome,3059000000,10-Q,USD
10,U.S. Bancorp,US,36104,United States,NYSE,72167948288,2023-Q2,2023-06-30,NetIncome,1361000000,10-Q,USD
10,U.S. Bancorp,US,36104,United States,NYSE,72167948288,2023-Q2,2023-06-30,NetIncome,1361000000,10-Q,USD
10,U.S. Bancorp,US,36104,United States,NYSE,72167948288,2023-Q3,2023-09-30,NetIncome,4582000000,10-Q,USD
10,U.S. Bancorp,US,36104,United States,NYSE,72167948288,2023-Q3,2023-09-30,NetIncome,4582000000,10-Q,USD
10,U.S. Bancorp,US,36104,United States,NYSE,72167948288,2023-Q3,2023-09-30,NetIncome,1523000000,10-Q,USD
10,U.S. Bancorp,US,36104,United States,NYSE,72167948288,2023-Q3,2023-09-30,NetIncome,1523000000,10-Q,USD
10,U.S. Bancorp,US,36104,United States,NYSE,72167948288,2023-Q4,2023-12-31,NetIncome,5429000000,10-K,USD
10,U.S. Bancorp,US,36104,United States,NYSE,72167948288,2023-Q4,2023-12-31,NetIncome,5429000000,10-K,USD
10,U.S. Bancorp,US,36104,United States,NYSE,72167948288,2024-Q1,2024-03-31,NetIncome,1319000000,10-Q,USD
10,U.S. Bancorp,US,36104,United States,NYSE,72167948288,2024-Q1,2024-03-31,NetIncome,1319000000,10-Q,USD
10,U.S. Bancorp,US,36104,United States,NYSE,72167948288,2024-Q2,2024-06-30,NetIncome,2922000000,10-Q,USD
10,U.S. Bancorp,US,36104,United States,NYSE,72167948288,2024-Q2,2024-06-30,NetIncome,1603000000,10-Q,USD
10,U.S. Bancorp,US,36104,United States,NYSE,72167948288,2024-Q3,2024-09-30,NetIncome,4636000000,10-Q,USD
10,U.S. Bancorp,US,36104,United States,NYSE,72167948288,2024-Q3,2024-09-30,NetIncome,1714000000,10-Q,USD
10,U.S. Bancorp,US,36104,United States,NYSE,72167948288,2024-Q4,2024-12-31,NetIncome,6299000000,10-K,USD
10,U.S. Bancorp,US,36104,United States,NYSE,72167948288,2025-Q1,2025-03-31,NetIncome,1709000000,10-Q,USD
10,U.S. Bancorp,US,36104,United States,NYSE,72167948288,2022-Q1,2022-03-31,TotalAssets,586517000000,10-Q,USD
10,U.S. Bancorp,US,36104,United States,NYSE,72167948288,2022-Q2,2022-06-30,TotalAssets,591381000000,10-Q,USD
10,U.S. Bancorp,US,36104,United States,NYSE,72167948288,2022-Q3,2022-09-30,TotalAssets,600973000000,10-Q,USD
10,U.S. Bancorp,US,36104,United States,NYSE,72167948288,2022-Q4,2022-12-31,TotalAssets,674805000000,10-K,USD
10,U.S. Bancorp,US,36104,United States,NYSE,72167948288,2022-Q4,2022-12-31,TotalAssets,674805000000,10-Q,USD
10,U.S. Bancorp,US,36104,United States,NYSE,72167948288,2022-Q4,2022-12-31,TotalAssets,674805000000,10-Q,USD
10,U.S. Bancorp,US,36104,United States,NYSE,72167948288,2022-Q4,2022-12-31,TotalAssets,674805000000,10-Q,USD
10,U.S. Bancorp,US,36104,United States,NYSE,72167948288,2022-Q4,2022-12-31,TotalAssets,674805000000,10-K,USD
10,U.S. Bancorp,US,36104,United States,NYSE,72167948288,2023-Q1,2023-03-31,TotalAssets,682377000000,10-Q,USD
10,U.S. Bancorp,US,36104,United States,NYSE,72167948288,2023-Q2,2023-06-30,TotalAssets,680825000000,10-Q,USD
10,U.S. Bancorp,US,36104,United States,NYSE,72167948288,2023-Q3,2023-09-30,TotalAssets,668039000000,10-Q,USD
10,U.S. Bancorp,US,36104,United States,NYSE,72167948288,2023-Q4,2023-12-31,TotalAssets,663491000000,10-K,USD
10,U.S. Bancorp,US,36104,United States,NYSE,72167948288,2023-Q4,2023-12-31,TotalAssets,663491000000,10-Q,USD
10,U.S. Bancorp,US,36104,United States,NYSE,72167948288,2023-Q4,2023-12-31,TotalAssets,663491000000,10-Q,USD
10,U.S. Bancorp,US,36104,United States,NYSE,72167948288,2023-Q4,2023-12-31,TotalAssets,663491000000,10-Q,USD
10,U.S. Bancorp,US,36104,United States,NYSE,72167948288,2023-Q4,2023-12-31,TotalAssets,663491000000,10-K,USD
10,U.S. Bancorp,US,36104,United States,NYSE,72167948288,2024-Q1,2024-03-31,TotalAssets,683606000000,10-Q,USD
10,U.S. Bancorp,US,36104,United States,NYSE,72167948288,2024-Q2,2024-06-30,TotalAssets,680058000000,10-Q,USD
10,U.S. Bancorp,US,36104,United States,NYSE,72167948288,2024-Q3,2024-09-30,TotalAssets,686469000000,10-Q,USD
10,U.S. Bancorp,US,36104,United States,NYSE,72167948288,2024-Q4,2024-12-31,TotalAssets,678318000000,10-K,USD
10,U.S. Bancorp,US,36104,United States,NYSE,72167948288,2024-Q4,2024-12-31,TotalAssets,678318000000,10-Q,USD
10,U.S. Bancorp,US,36104,United States,NYSE,72167948288,2025-Q1,2025-03-31,TotalAssets,676489000000,10-Q,USD
10,U.S. Bancorp,US,36104,United States,NYSE,72167948288,2022-Q1,2022-03-31,Deposits,461546000000,10-Q,USD
10,U.S. Bancorp,US,36104,United States,NYSE,72167948288,2022-Q2,2022-06-30,Deposits,467102000000,10-Q,USD
10,U.S. Bancorp,US,36104,United States,NYSE,72167948288,2022-Q3,2022-09-30,Deposits,471148000000,10-Q,USD
10,U.S. Bancorp,US,36104,United States,NYSE,72167948288,2022-Q4,2022-12-31,Deposits,524976000000,10-K,USD
10,U.S. Bancorp,US,36104,United States,NYSE,72167948288,2022-Q4,2022-12-31,Deposits,524976000000,10-Q,USD
10,U.S. Bancorp,US,36104,United States,NYSE,72167948288,2022-Q4,2022-12-31,Deposits,524976000000,10-Q,USD
10,U.S. Bancorp,US,36104,United States,NYSE,72167948288,2022-Q4,2022-12-31,Deposits,524976000000,10-Q,USD
10,U.S. Bancorp,US,36104,United States,NYSE,72167948288,2022-Q4,2022-12-31,Deposits,524976000000,10-K,USD
10,U.S. Bancorp,US,36104,United States,NYSE,72167948288,2023-Q1,2023-03-31,Deposits,505339000000,10-Q,USD
10,U.S. Bancorp,US,36104,United States,NYSE,72167948288,2023-Q2,2023-06-30,Deposits,521600000000,10-Q,USD
10,U.S. Bancorp,US,36104,United States,NYSE,72167948288,2023-Q3,2023-09-30,Deposits,518358000000,10-Q,USD
10,U.S. Bancorp,US,36104,United States,NYSE,72167948288,2023-Q4,2023-12-31,Deposits,512312000000,10-K,USD
10,U.S. Bancorp,US,36104,United States,NYSE,72167948288,2023-Q4,2023-12-31,Deposits,512312000000,10-Q,USD
10,U.S. Bancorp,US,36104,United States,NYSE,72167948288,2023-Q4,2023-12-31,Deposits,512312000000,10-Q,USD
10,U.S. Bancorp,US,36104,United States,NYSE,72167948288,2023-Q4,2023-12-31,Deposits,512312000000,10-Q,USD
10,U.S. Bancorp,US,36104,United States,NYSE,72167948288,2023-Q4,2023-12-31,Deposits,512312000000,10-K,USD
10,U.S. Bancorp,US,36104,United States,NYSE,72167948288,2024-Q1,2024-03-31,Deposits,528063000000,10-Q,USD
10,U.S. Bancorp,US,36104,United States,NYSE,72167948288,2024-Q2,2024-06-30,Deposits,523785000000,10-Q,USD
10,U.S. Bancorp,US,36104,United States,NYSE,72167948288,2024-Q3,2024-09-30,Deposits,521131000000,10-Q,USD
10,U.S. Bancorp,US,36104,United States,NYSE,72167948288,2024-Q4,2024-12-31,Deposits,518309000000,10-K,USD
10,U.S. Bancorp,US,36104,United States,NYSE,72167948288,2024-Q4,2024-12-31,Deposits,518309000000,10-Q,USD
10,U.S. Bancorp,US,36104,United States,NYSE,72167948288,2025-Q1,2025-03-31,Deposits,512525000000,10-Q,USD
